{
    "model_name": "efficient-net",
    "model_saved_path": "",
    "weight_decay": 0.01,
    "label_smoothing": 0.1,
    "train_losses": [
        0.6811175991255324,
        0.6767427309472774,
        0.67660560073063,
        0.676561993550115,
        0.6765147244005314,
        0.6759352424101652,
        0.6754949453864079,
        0.6762235134454851,
        0.6761524841488559,
        0.6759282588003656,
        0.669545831990814,
        0.6446349293589052,
        0.5987424546698769,
        0.546939511188048,
        0.49792089185817506,
        0.4558379917880645,
        0.42593180828837174,
        0.40557177718647947,
        0.3826180849499875,
        0.3675671587703713,
        0.3540775137211076,
        0.34375146720831107,
        0.3337082989459511,
        0.3250246461260739,
        0.31672591940005557,
        0.31102428069339355,
        0.3083437745268352,
        0.30102719378133685,
        0.2952393695688639,
        0.29448573901375974,
        0.29613220204474267,
        0.2913018110069152,
        0.28974279859096824,
        0.2831513706776449,
        0.28071035457883103,
        0.27695548715603485,
        0.2764150335104932,
        0.27672103265818,
        0.27503238058327845,
        0.27106372196762235
    ],
    "val_losses": [
        0.678311548217031,
        0.6761330356533896,
        0.6787808843107032,
        0.6757639133690188,
        0.6785784216535171,
        0.6750660542673712,
        0.6742921953233296,
        0.67611063182754,
        0.6769888656251383,
        0.6797458521471728,
        0.6582174726780629,
        0.6188185198995091,
        0.5647362979066451,
        0.515142501680643,
        0.46901274631487444,
        0.43991243583243966,
        0.4196899885299222,
        0.4049443985391783,
        0.389392255936693,
        0.39035565509092085,
        0.37760064473888216,
        0.37668773553915474,
        0.3727291254389206,
        0.37260479006991293,
        0.3715521707230766,
        0.3656334376975194,
        0.37743301569615434,
        0.36062464906065256,
        0.3722938790817389,
        0.37078603998126597,
        0.35980541420062917,
        0.3689976601792662,
        0.3710307256487392,
        0.36323829631277377,
        0.35847709708965864,
        0.35448640408931964,
        0.3655531312795293,
        0.35458323995539004,
        0.36245970545999157,
        0.36698002975259053
    ],
    "train_accuracy": [
        0.5975964519051934,
        0.616529162096428,
        0.6160999570794983,
        0.6102818446277839,
        0.6090896084696457,
        0.6088988506843436,
        0.6124755591587582,
        0.6117602174638752,
        0.6051790738709524,
        0.6060374839048118,
        0.6484334016882064,
        0.6878248843530926,
        0.7385664552434547,
        0.7826791930945681,
        0.8214507129572226,
        0.8480614240068672,
        0.864657351328151,
        0.8784396013162287,
        0.8904096523439363,
        0.8999475416090419,
        0.9078639896990796,
        0.9131098287948877,
        0.9195955934951595,
        0.9254613953931995,
        0.9285612094043588,
        0.9331393962516095,
        0.9354284896752348,
        0.9391959559349516,
        0.9426295960703897,
        0.9440602794601555,
        0.9418188754828556,
        0.9465878201154084,
        0.945729410081549,
        0.9487338452000572,
        0.9513090753016358,
        0.9545519576517717,
        0.9550765415613525,
        0.9542658209738185,
        0.9557441938099098,
        0.9585578711431161
    ],
    "val_accuracy": [
        0.5996644295302014,
        0.6124161073825504,
        0.5865771812080537,
        0.626510067114094,
        0.5600671140939597,
        0.613758389261745,
        0.62248322147651,
        0.5906040268456376,
        0.5909395973154362,
        0.552013422818792,
        0.6758389261744966,
        0.7261744966442953,
        0.7657718120805369,
        0.8140939597315436,
        0.8459731543624162,
        0.8604026845637583,
        0.8691275167785235,
        0.8781879194630873,
        0.8882550335570469,
        0.8828859060402685,
        0.8946308724832215,
        0.8949664429530201,
        0.898993288590604,
        0.8909395973154363,
        0.8936241610738255,
        0.9006711409395973,
        0.8919463087248322,
        0.9043624161073825,
        0.9,
        0.8959731543624161,
        0.9057046979865772,
        0.9010067114093959,
        0.9010067114093959,
        0.9050335570469799,
        0.9070469798657718,
        0.9077181208053692,
        0.9036912751677852,
        0.9110738255033557,
        0.9073825503355705,
        0.9043624161073825
    ],
    "val_f1": [
        0.4474293654469662,
        0.6409698476841778,
        0.6784968684759917,
        0.6664668864249326,
        0.2902003248511099,
        0.6740300198244124,
        0.5707745135444486,
        0.45143884892086333,
        0.44005512172714745,
        0.24018212862834376,
        0.6671261199172984,
        0.7085714285714285,
        0.7569637883008357,
        0.801148600143575,
        0.8401253918495298,
        0.8599326599326599,
        0.8666210670314638,
        0.8761514841351075,
        0.8874619803987833,
        0.8850839644385907,
        0.8921703296703297,
        0.8917329643721895,
        0.8951584813653779,
        0.8928453676228157,
        0.8954140547674035,
        0.9007377598926894,
        0.8957253886010362,
        0.9032258064516129,
        0.9027415143603134,
        0.8961821835231079,
        0.9053553384978107,
        0.9045616305402783,
        0.9022207490884985,
        0.9057609057609057,
        0.9072648141948443,
        0.9083638787070977,
        0.9061784897025171,
        0.9104427171341669,
        0.9068197164078325,
        0.9070146818923328
    ],
    "val_auc": [
        0.674120535111031,
        0.6728361335074997,
        0.6594403405252016,
        0.6768888788793298,
        0.680749966217738,
        0.6795691635511913,
        0.6828300527003288,
        0.6793691725597946,
        0.6763488131165263,
        0.6810945452907526,
        0.742901896310977,
        0.805172739966668,
        0.8537993784063781,
        0.8913298950497726,
        0.9164434034502951,
        0.9290865276338903,
        0.9358015404711499,
        0.9419782892662493,
        0.9477883879104545,
        0.9492669249132921,
        0.9512877798297374,
        0.9514238097383001,
        0.9515197513625513,
        0.9556898337912707,
        0.957114994820053,
        0.957076257826224,
        0.9584831764334938,
        0.9578068555470475,
        0.9562945362821496,
        0.9555382640421602,
        0.9578631593171478,
        0.9594252511148146,
        0.9560501779199136,
        0.9562614296653306,
        0.9587032115670465,
        0.960470249087879,
        0.958109319400027,
        0.960575649745507,
        0.9571208504121437,
        0.9601008963560201
    ],
    "best_accuracy": 0.9110738255033557,
    "best_epoch": 38,
    "MODEL_SAVED_PATH": "/Users/mac/Desktop/Code/Personal_Project/VNUK/deep_fake_detection/model_checkpoints/best_efficient-net_deepfake_detection_augmentation_fourier_finetuned.pth"
}