{
    "model_name": "efficientnet",
    "EPOCHS": 30,
    "model_saved_path": "../model_checkpoints/efficient-net/best_efficientnet_with_aug_finetuned.pth",
    "weight_decay": 0.01,
    "label_smoothing": 0.1,
    "train_losses": [
        0.6582092366378203,
        0.6480918509821801,
        0.6416998047720431,
        0.6435973711425163,
        0.6444666867314379,
        0.6420073848640727,
        0.6450052545831191,
        0.6413390124990817,
        0.6448940469236399,
        0.6454698162743095,
        0.6112114736362897,
        0.5495629557011107,
        0.5037073419439622,
        0.46170860459304364,
        0.4341922934542876,
        0.40969854457262755,
        0.3946664957189726,
        0.3785902256731187,
        0.3682068150663383,
        0.35586341121312837,
        0.3490872288732048,
        0.33991101162162674,
        0.3292651710958689,
        0.3254003218101599,
        0.3214851817073237,
        0.31439643536743517,
        0.310848466662914,
        0.307006673786374,
        0.304886406165767,
        0.2977250526491349
    ],
    "valid_losses": [
        0.6488647443336129,
        0.6484015705601481,
        0.6438916640793717,
        0.6457124526068668,
        0.6616966216356163,
        0.6557022169932423,
        0.6473284267739161,
        0.6454270202841534,
        0.6437173979794419,
        0.6669880623785441,
        0.5802505537567523,
        0.5383624292060033,
        0.5083996157118138,
        0.479176053904847,
        0.46807868640694844,
        0.44628769671356916,
        0.43531194513276117,
        0.42324077655004977,
        0.4163104639557384,
        0.41825490721920194,
        0.4043392937455401,
        0.400651678262941,
        0.40355418432478934,
        0.4026423939522481,
        0.3948354413845395,
        0.38405775119794294,
        0.39390161789503675,
        0.37915464935686766,
        0.38256181310487275,
        0.37970407633173386
    ],
    "train_accuracy": [
        0.6174352615766131,
        0.6371786923553817,
        0.6491964328294149,
        0.6441890409652344,
        0.6432352520387238,
        0.6482426439029043,
        0.6446182459821641,
        0.6477180599933234,
        0.6460012399256044,
        0.6460012399256044,
        0.6842004864323525,
        0.7519195002146025,
        0.7910248462015356,
        0.8258858314654967,
        0.8489675234870523,
        0.869521674853355,
        0.8812055892031093,
        0.891554199055749,
        0.8989937526825313,
        0.9086747102866136,
        0.912060660975726,
        0.9215508607945062,
        0.9274166626925462,
        0.9321856073250989,
        0.9340931851781201,
        0.938242167008441,
        0.9401974343077877,
        0.9418188754828556,
        0.9437264533358768,
        0.9503552863751252
    ],
    "valid_accuracy": [
        0.6285234899328859,
        0.6416107382550336,
        0.6419463087248322,
        0.6399328859060402,
        0.6295302013422819,
        0.6406040268456376,
        0.6426174496644296,
        0.6399328859060402,
        0.6345637583892617,
        0.6187919463087248,
        0.7120805369127516,
        0.7620805369127517,
        0.785234899328859,
        0.8154362416107382,
        0.8265100671140939,
        0.8473154362416108,
        0.8593959731543624,
        0.8691275167785235,
        0.8738255033557047,
        0.8741610738255033,
        0.8842281879194631,
        0.8825503355704698,
        0.8818791946308725,
        0.8812080536912752,
        0.8895973154362417,
        0.8926174496644296,
        0.8916107382550336,
        0.898993288590604,
        0.897986577181208,
        0.8936241610738255
    ],
    "valid_f1": [
        0.6448508180943214,
        0.6880841121495327,
        0.6381824347236351,
        0.6308909528723771,
        0.682576193214491,
        0.5731367078517338,
        0.5979614949037373,
        0.6683153013910356,
        0.5898305084745763,
        0.689787001638449,
        0.709349593495935,
        0.7542461005199307,
        0.7894736842105263,
        0.8170326014637392,
        0.8304362085929813,
        0.8466464442197505,
        0.8601935268601936,
        0.864677307425399,
        0.8701657458563536,
        0.8749583194398133,
        0.8837209302325582,
        0.882786336235767,
        0.8829008649367931,
        0.8849154746423927,
        0.8899297423887588,
        0.8913043478260869,
        0.8921535893155259,
        0.8970940170940171,
        0.8979180658159839,
        0.8947193623380937
    ],
    "valid_auc": [
        0.6863323724156569,
        0.7040484662853025,
        0.6967244718706365,
        0.6960172965181748,
        0.6936507364533129,
        0.7017562271969731,
        0.7028786991576956,
        0.7013997117246972,
        0.703821224269177,
        0.6969014909238322,
        0.7913940813476871,
        0.8408664024143055,
        0.8713030944552048,
        0.8972100355839827,
        0.9091031935498401,
        0.9221249042835908,
        0.9298342417008243,
        0.9386360974730867,
        0.9415665960992748,
        0.9434529976127202,
        0.948805459213549,
        0.9516494752488626,
        0.9526151975136256,
        0.9543263816945183,
        0.9554470519345976,
        0.9598252330976083,
        0.9573825503355704,
        0.9613319219854961,
        0.9602680059456782,
        0.9613427323093554
    ],
    "best_accuracy": 0.898993288590604,
    "best_epoch": 28
}