{
    "model_name": "efficient-net",
    "model_saved_path": "",
    "weight_decay": 0.01,
    "label_smoothing": 0.1,
    "train_losses": [
        0.6588981179011056,
        0.6491578316744251,
        0.6411160050648704,
        0.6446522039924604,
        0.6430188762799962,
        0.6461520285143396,
        0.6445093921703401,
        0.6441258293284249,
        0.6456897073028778,
        0.6417246141018255,
        0.6066464388726965,
        0.5532917782349491,
        0.5032258519083027,
        0.4637962996638482,
        0.4340531866951467,
        0.4115905130311447,
        0.39396285638941553,
        0.37704464346788674,
        0.36714736555112587,
        0.3577184563721987,
        0.350936693529287,
        0.3407837371283479,
        0.3306714366252538,
        0.3270378839722905,
        0.321146927536958,
        0.3149024261284002,
        0.31056291655873564,
        0.30854814671908415,
        0.30405706994107956,
        0.2994918285893623,
        0.299705832852696,
        0.30117340242011653,
        0.30065140110085725,
        0.29974066549698464,
        0.3017880532884696,
        0.3009839231415114,
        0.2966052974374448,
        0.29758632583869216,
        0.30057012159184576,
        0.29855057753782777
    ],
    "val_losses": [
        0.6471356504315497,
        0.6411852117752869,
        0.643515224584797,
        0.6427622644293228,
        0.639246102387473,
        0.6447544204308683,
        0.6694695506319903,
        0.6383521493649322,
        0.6413668021259692,
        0.6453126516518177,
        0.5780661635750892,
        0.5346838030639111,
        0.4986010507449208,
        0.4738587846691976,
        0.45635017242607656,
        0.4415583030689483,
        0.43313699368662484,
        0.42084564808631103,
        0.413176717954194,
        0.40187458431960754,
        0.4073695296009115,
        0.39297890883164116,
        0.3940174622623712,
        0.3971727758846027,
        0.392474656137044,
        0.3929835209710486,
        0.3901651993093875,
        0.37777437255686563,
        0.37853898988074103,
        0.38681646165431743,
        0.3922009657293358,
        0.38805745960081983,
        0.38255808951470677,
        0.37919944906794784,
        0.3799256750401234,
        0.3766804869743002,
        0.37713157946631415,
        0.3762570358362774,
        0.3799050489128036,
        0.3801732200304134
    ],
    "train_accuracy": [
        0.6153369259382898,
        0.6360341456435691,
        0.6469073394057895,
        0.6429968048070962,
        0.6491964328294149,
        0.6417568792026325,
        0.6424722208975154,
        0.6440936620725833,
        0.6446659354284897,
        0.646144308264581,
        0.6898755305450903,
        0.7450522199437265,
        0.7899279889360484,
        0.8235490485955458,
        0.847584529543612,
        0.8676617864466594,
        0.8817778625590157,
        0.8925079879822595,
        0.9013305355524822,
        0.9066240640946158,
        0.9114406981734942,
        0.918832562353951,
        0.9271782154609185,
        0.9301826505794267,
        0.9317564023081693,
        0.9384806142400687,
        0.9425342171777386,
        0.9439649005675044,
        0.9464924412227574,
        0.9473031618102914,
        0.9489246029853593,
        0.9481138823978253,
        0.9462063045448043,
        0.949163050216987,
        0.9473985407029425,
        0.9484953979684296,
        0.9519767275501931,
        0.9510706280700081,
        0.9494968763412657,
        0.9483046401831274
    ],
    "val_accuracy": [
        0.625503355704698,
        0.6432885906040269,
        0.6412751677852349,
        0.6399328859060402,
        0.648993288590604,
        0.6395973154362417,
        0.6204697986577181,
        0.6543624161073825,
        0.647986577181208,
        0.6409395973154363,
        0.7134228187919464,
        0.7580536912751678,
        0.8013422818791947,
        0.8201342281879195,
        0.836241610738255,
        0.8506711409395973,
        0.859731543624161,
        0.8721476510067114,
        0.8741610738255033,
        0.8808724832214765,
        0.8771812080536913,
        0.8906040268456376,
        0.8909395973154363,
        0.8936241610738255,
        0.8956375838926175,
        0.8942953020134228,
        0.8946308724832215,
        0.8973154362416107,
        0.8956375838926175,
        0.8912751677852349,
        0.8919463087248322,
        0.8956375838926175,
        0.8953020134228188,
        0.8959731543624161,
        0.9,
        0.898993288590604,
        0.898993288590604,
        0.9006711409395973,
        0.8963087248322148,
        0.8966442953020134
    ],
    "val_f1": [
        0.6540607563546187,
        0.6455485161720573,
        0.6470782436447673,
        0.6490022898266274,
        0.6556945358788677,
        0.6186079545454546,
        0.5253881661770877,
        0.670926517571885,
        0.663674254568772,
        0.6071953010279001,
        0.7116812964213369,
        0.7546784620619258,
        0.7961432506887053,
        0.8200134318334452,
        0.8351351351351352,
        0.8493057907213004,
        0.8609447771124418,
        0.8696544645911735,
        0.8740342626805508,
        0.8800270361608652,
        0.8786472148541115,
        0.8900134952766532,
        0.8914858096828047,
        0.894789246598075,
        0.8960908787170063,
        0.891491560454702,
        0.8965744400527009,
        0.8972464741437206,
        0.8958123953098828,
        0.8941176470588236,
        0.8960619754680439,
        0.8976637051661731,
        0.8954423592493298,
        0.8955525606469003,
        0.9004676018704075,
        0.8984137698278771,
        0.8986190636577972,
        0.8992511912865895,
        0.897171381031614,
        0.8958051420838972
    ],
    "val_auc": [
        0.6921728750957163,
        0.7012436376739786,
        0.6996707355524526,
        0.7000815278591055,
        0.7042245844781767,
        0.6959200036034412,
        0.6882523309760821,
        0.7080572947164542,
        0.70211319309941,
        0.7000536011891356,
        0.793661997207333,
        0.843485428584298,
        0.8785500653123733,
        0.8992766091617495,
        0.9144709697761363,
        0.9249750011260753,
        0.9321809828386108,
        0.9389090581505337,
        0.944235394802036,
        0.9489212197648756,
        0.9482126931219313,
        0.9541128777982973,
        0.9543583622359353,
        0.9546587991531912,
        0.9561672897617224,
        0.9582599882888159,
        0.9593275077699203,
        0.9617332552587723,
        0.9620264852934552,
        0.9614075942525111,
        0.9613458853204812,
        0.9603216071348138,
        0.9606869059952254,
        0.9608495112832756,
        0.9612251700373858,
        0.9617584793477771,
        0.9619553173280483,
        0.9617674879509932,
        0.9617427142921489,
        0.9607017701905319
    ],
    "best_accuracy": 0.9006711409395973,
    "best_epoch": 38,
    "MODEL_SAVED_PATH": "/Users/mac/Desktop/Code/Personal_Project/VNUK/deep_fake_detection/model_checkpoints/best_efficient-net_deepfake_detection_augmentation_fourier_finetuned.pth"
}