{
    "model_name": "efficientnet",
    "train_losses": [
        0.682823292088253,
        0.6756712404880582,
        0.6731987727230991,
        0.6722376476793783,
        0.6764219171950454,
        0.6684730489445277,
        0.6728283043045779,
        0.671848500857659,
        0.6756100338338598,
        0.6733732077315362,
        0.5803835243415641,
        0.4386387507793846,
        0.3641367915241753,
        0.3175022908994614,
        0.28269863131770534,
        0.26255878540157473,
        0.2329076441171406,
        0.22279384005994302,
        0.2014281952282659,
        0.1879985202929917,
        0.17544124571336783,
        0.1609296790959863,
        0.15940662415654575,
        0.14845817620695853,
        0.1389207722423889,
        0.1336470056217801,
        0.12941675616188986,
        0.12263230966573722,
        0.11667247058943302,
        0.1155487590909767
    ],
    "val_losses": [
        0.6511594271659851,
        0.6414701566696167,
        0.6395912530422211,
        0.6360810313224793,
        0.644610969543457,
        0.6393120121955872,
        0.6345318982601166,
        0.6418893027305603,
        0.6250317318439483,
        0.6375802447795867,
        0.42480349749326707,
        0.42133439297229053,
        0.3555990489125252,
        0.29693996524065736,
        0.2934921183045954,
        0.27022469641547653,
        0.5021532687416765,
        0.3220521855978295,
        0.23252323258272373,
        0.28187137972563503,
        0.27981963942758736,
        0.3125097590508958,
        0.6018731833368293,
        0.26504130369250195,
        0.2500950688839366,
        0.3014572500465438,
        0.32523053151805653,
        0.33770648996115415,
        0.3921281805371028,
        0.5292682544731088
    ],
    "train_accuracy": [
        0.5706954816638158,
        0.5845884267178438,
        0.593850390087196,
        0.5908465100755143,
        0.5930159789728399,
        0.598689974550461,
        0.5909299511869498,
        0.5930994200842755,
        0.591096833409821,
        0.5945596395343986,
        0.6841753932162377,
        0.7860569902791105,
        0.82706829654971,
        0.8560223622178648,
        0.8729191872835746,
        0.8858108390003755,
        0.8971588301556177,
        0.9051274562977178,
        0.9131378029955359,
        0.9207726646918937,
        0.926404939713797,
        0.9342484041887438,
        0.9353331386374066,
        0.9381701364262172,
        0.9442613375610163,
        0.945387792565397,
        0.9463473653469064,
        0.9483916725770787,
        0.9532312570403437,
        0.9535650214860862
    ],
    "val_accuracy": [
        0.623,
        0.637,
        0.64525,
        0.64325,
        0.62725,
        0.6345,
        0.64525,
        0.64,
        0.65425,
        0.63225,
        0.80075,
        0.816,
        0.86375,
        0.88225,
        0.897,
        0.9085,
        0.85225,
        0.896,
        0.9185,
        0.907,
        0.907,
        0.9125,
        0.848,
        0.92975,
        0.92825,
        0.90675,
        0.903,
        0.917,
        0.894,
        0.8685
    ],
    "val_f1": [
        0.6695880806310254,
        0.5860889395667047,
        0.6507506768397736,
        0.5937944776544264,
        0.5262154432793136,
        0.5674556213017752,
        0.6052851182197496,
        0.5838150289017341,
        0.6414311641171895,
        0.5951004679328379,
        0.77325746799431,
        0.7842907385697538,
        0.8499036078215367,
        0.8865880086684325,
        0.8977667493796526,
        0.9046875,
        0.8663198371409183,
        0.9009051929490234,
        0.9205265724037055,
        0.9081934846989141,
        0.909840038778478,
        0.9150072850898494,
        0.8653675819309123,
        0.9283711445322458,
        0.9268043866360622,
        0.9113803753860774,
        0.9075750357313006,
        0.9195346582646631,
        0.9001413094677343,
        0.8811568007230004
    ],
    "val_auc": [
        0.67469925,
        0.6922185,
        0.6907882500000001,
        0.70382825,
        0.70589975,
        0.7026144999999999,
        0.7029425,
        0.6946258750000001,
        0.7113025,
        0.6952674999999999,
        0.9094015,
        0.93703275,
        0.9510984999999998,
        0.9574510000000002,
        0.96029575,
        0.9684769999999999,
        0.9517206250000001,
        0.96770175,
        0.9767957500000002,
        0.971599625,
        0.9712556250000001,
        0.9743975,
        0.967868,
        0.975585625,
        0.97706825,
        0.978269,
        0.974952625,
        0.97710075,
        0.97184925,
        0.9758486249999999
    ],
    "EPOCHS": 30,
    "best_accuracy": 0.92975,
    "best_epoch": 24,
    "MODEL_SAVED_PATH": "../model_checkpoints/efficientnet_deepfake_detection_aug_finetuned.pth"
}