{
    "model_name": "efficientnet",
    "EPOCHS": 30,
    "model_saved_path": "../model_checkpoints/efficient-net/best_efficientnet_no_aug_finetuned.pth",
    "train_losses": [
        0.6406032887985053,
        0.6284198041517988,
        0.6182788841213539,
        0.6203550530313405,
        0.6229714130609411,
        0.6166622816217299,
        0.6198174551444149,
        0.6244241988984657,
        0.6213724492098665,
        0.618044559311711,
        0.5580278082042641,
        0.46440390118645736,
        0.3806635564452242,
        0.3232562927960656,
        0.2762573463414563,
        0.24346290243386007,
        0.21543338163252398,
        0.19327544945934094,
        0.16979366889400846,
        0.15169015691566207,
        0.145055637824274,
        0.13035421704545577,
        0.113147164350177,
        0.11160977955732947,
        0.0992160417888177,
        0.09522722435302276,
        0.08828082578300696,
        0.0824398448093578,
        0.07761894619814788,
        0.07451164028087884
    ],
    "valid_losses": [
        0.6492597969586417,
        0.6168038404227904,
        0.6207026099998679,
        0.6217971337721652,
        0.6265692955695543,
        0.617465991461837,
        0.625174337105463,
        0.6305950978058297,
        0.6262879734071309,
        0.6311363330623447,
        0.5286562609192509,
        0.4670795932512155,
        0.4310267517030639,
        0.4111571953700693,
        0.3949192068720824,
        0.3882632287556693,
        0.3864413755052042,
        0.3761598377019767,
        0.3681457813554162,
        0.37239063922190824,
        0.4009790890968886,
        0.3806700321651945,
        0.39768328099642825,
        0.4158599405480711,
        0.38709002106681767,
        0.41419510677356847,
        0.4570824619757649,
        0.43723219538095015,
        0.4115795661439032,
        0.429500385068807
    ],
    "train_accuracy": [
        0.6280223186608803,
        0.6467642710668129,
        0.6550622347274548,
        0.6607849682865182,
        0.6548237874958271,
        0.6597358004673566,
        0.6554914397443846,
        0.6537746196766655,
        0.6556821975296867,
        0.662215651676284,
        0.7101912346797654,
        0.7759549811626687,
        0.829891744956841,
        0.8591253755543898,
        0.8834946826267347,
        0.9005675044112738,
        0.9126329343316324,
        0.9226477180599933,
        0.9319948495397968,
        0.9404358815394154,
        0.9430111116409938,
        0.9497830130192189,
        0.9563641566121417,
        0.9555534360246077,
        0.9622299585101817,
        0.9648051886117602,
        0.9666173875721303,
        0.9673327292670132,
        0.9708617482951023,
        0.9717678477752874
    ],
    "valid_accuracy": [
        0.6288590604026846,
        0.6593959731543624,
        0.6597315436241611,
        0.65,
        0.6483221476510067,
        0.6570469798657718,
        0.6483221476510067,
        0.6416107382550336,
        0.6476510067114094,
        0.6436241610738255,
        0.7325503355704698,
        0.7835570469798657,
        0.8080536912751678,
        0.8161073825503355,
        0.8285234899328859,
        0.8416107382550335,
        0.8459731543624162,
        0.8577181208053691,
        0.862751677852349,
        0.8651006711409396,
        0.8540268456375839,
        0.8691275167785235,
        0.8661073825503356,
        0.860738255033557,
        0.875503355704698,
        0.8671140939597315,
        0.8604026845637583,
        0.8671140939597315,
        0.875503355704698,
        0.8728187919463087
    ],
    "valid_f1": [
        0.5511363636363636,
        0.6532285616672361,
        0.6714193130265717,
        0.6574712643678161,
        0.6837658418829209,
        0.6568166554734721,
        0.6647472808701216,
        0.6352459016393442,
        0.6733042937149969,
        0.5912240184757506,
        0.738945299705208,
        0.7776628748707343,
        0.80289455547898,
        0.8172114743162108,
        0.8293823038397329,
        0.8431893687707641,
        0.8501469147894222,
        0.8580040187541862,
        0.863621207069023,
        0.8662674650698603,
        0.8620361560418649,
        0.8718791064388962,
        0.8704965920155794,
        0.8672849376399104,
        0.8765391014975041,
        0.8728323699421965,
        0.8690176322418136,
        0.8727506426735219,
        0.8796626662341874,
        0.877623506619309
    ],
    "valid_auc": [
        0.701208504121436,
        0.7182622404396198,
        0.7162204405206973,
        0.7130181072924643,
        0.7157389306787982,
        0.7196533939912617,
        0.7100747714066935,
        0.7039698662222422,
        0.716218638800054,
        0.7169456330795909,
        0.8144534029998649,
        0.861057159587406,
        0.8870951758929778,
        0.9006742939507228,
        0.9119922526012342,
        0.9195838025314176,
        0.9255382640421603,
        0.9289126615918203,
        0.9352869240124319,
        0.937674879509932,
        0.9391408044682673,
        0.9418165848385208,
        0.9430491869735598,
        0.942547632989505,
        0.9452137291113013,
        0.946002207107788,
        0.945380613485879,
        0.9456360073870547,
        0.9488644655646141,
        0.9484975901986397
    ],
    "best_accuracy": 0.875503355704698,
    "best_epoch": 25
}