{
    "model_name": "efficientnet",
    "train_losses": [
        0.63992059295957,
        0.6309706430902886,
        0.626231388040277,
        0.6267469616190225,
        0.6284802596895023,
        0.6286953933345216,
        0.6215560841388281,
        0.6233185879070811,
        0.6259890013793675,
        0.6293703001279288,
        0.6257655176343914,
        0.6265862028253327,
        0.6246846809798613,
        0.6272124300870824,
        0.6255420148633758,
        0.2843737465139971,
        0.16222732413212476,
        0.10961613855173344,
        0.08387840972189323,
        0.06973349447144729,
        0.0555552864842239,
        0.0448985746789877,
        0.04115326025028346,
        0.040391553035189716,
        0.03567770833053269,
        0.02937929250327984,
        0.027232654425124587,
        0.02620035072418616,
        0.02423785132263765,
        0.02404193168908101
    ],
    "val_losses": [
        0.6153312027454376,
        0.6215817148685455,
        0.6124305777549743,
        0.612474732875824,
        0.618817809343338,
        0.6099832692146301,
        0.6118277552127838,
        0.6090973887443543,
        0.6066791415214539,
        0.6022481052875519,
        0.6122707064151764,
        0.6065608286857604,
        0.6128955681324005,
        0.6151260488033294,
        0.5978582794666291,
        0.28836662392318246,
        0.31262687530554834,
        0.27479866779688744,
        0.30873303847224454,
        0.30232195241283627,
        0.30960680061392487,
        0.3558527452952694,
        0.37639726025657727,
        0.3521147627362807,
        0.34628702005133527,
        0.34669483526516703,
        0.4683341024167403,
        0.5536744430405128,
        0.3515111819256708,
        0.33875829349836567
    ],
    "train_accuracy": [
        0.6314823313446535,
        0.645291835287246,
        0.6499645375276398,
        0.6555550919938253,
        0.6498810964162043,
        0.6470858191831115,
        0.6582669281154825,
        0.6550544453252117,
        0.6538445492093955,
        0.6493387291918729,
        0.6499228169719221,
        0.6548041219909049,
        0.6563477825524636,
        0.6492135675247195,
        0.6548458425466227,
        0.8786766239726314,
        0.9345821686344862,
        0.9576953565021487,
        0.9678334515415745,
        0.9744670199007051,
        0.9804330593683508,
        0.9837707038257749,
        0.9837289832700572,
        0.9856481288330761,
        0.9867745838374568,
        0.9891526555133714,
        0.9899036255162919,
        0.9908214777420835,
        0.9908631982978013,
        0.9919479327464642
    ],
    "val_accuracy": [
        0.6655,
        0.661,
        0.673,
        0.66675,
        0.665,
        0.6705,
        0.6615,
        0.66475,
        0.676,
        0.66625,
        0.669,
        0.6665,
        0.66375,
        0.65575,
        0.6845,
        0.8845,
        0.891,
        0.91175,
        0.9095,
        0.91575,
        0.9165,
        0.90725,
        0.92025,
        0.91675,
        0.916,
        0.927,
        0.9055,
        0.90325,
        0.9355,
        0.9385
    ],
    "val_f1": [
        0.6622917718324078,
        0.6934900542495479,
        0.6602597402597402,
        0.668984355599702,
        0.6320702910488742,
        0.6622245002562789,
        0.634646519158122,
        0.6458938473725905,
        0.6852841185041282,
        0.6622818112825702,
        0.6722772277227723,
        0.6735193343122858,
        0.6498307732361365,
        0.6437257438551099,
        0.6785532348446256,
        0.8809891808346213,
        0.8954436450839328,
        0.9120358833790182,
        0.9123062015503876,
        0.9169336948484101,
        0.9172447968285431,
        0.9107099879663056,
        0.9202699325168708,
        0.9196234612599565,
        0.9194244604316547,
        0.9279012345679012,
        0.9106382978723404,
        0.9090054079473313,
        0.9349142280524723,
        0.9389275074478649
    ],
    "val_auc": [
        0.7235485,
        0.7238297499999999,
        0.729008,
        0.7273295000000001,
        0.726957625,
        0.73041125,
        0.729951625,
        0.73296825,
        0.7355510000000001,
        0.737971375,
        0.7267275000000001,
        0.7301022500000001,
        0.7261715,
        0.7214193750000001,
        0.7458155,
        0.9548810000000001,
        0.9628285000000002,
        0.9686182500000001,
        0.9709636249999999,
        0.9708025,
        0.9717967500000001,
        0.97275925,
        0.9726594999999999,
        0.97518575,
        0.979137625,
        0.9769855000000001,
        0.975755875,
        0.9752358750000002,
        0.9800316250000001,
        0.9819491250000001
    ],
    "EPOCHS": 30,
    "best_accuracy": 0.9385,
    "best_epoch": 30,
    "MODEL_SAVED_PATH": "../model_checkpoints/best_efficientnet_deepfake_detection_finetuned.pth"
}