{
    "model_name": "simpleCNN",
    "train_losses": [
        0.7012126643565476,
        0.694066293621855,
        0.6934021423633796,
        0.6921728721343957,
        0.6803305807616565,
        0.6718330909532034,
        0.666009648443835,
        0.6618534801694547,
        0.658317870414174,
        0.6538814529767248,
        0.6495090053930883,
        0.645013037795313,
        0.6412820143358515,
        0.6341008126220933,
        0.6325476546865272,
        0.6278407509442618,
        0.6220066521054571,
        0.620163721255742,
        0.6143193478637804,
        0.6111536917894752,
        0.6090369746079657,
        0.6057186808684695,
        0.6021168000343033,
        0.5998725721729061,
        0.5937558878467281,
        0.5935947570804163,
        0.5869095732002046,
        0.5823818261634622,
        0.5814690543273671,
        0.5796070722289962
    ],
    "val_losses": [
        0.6926359782218933,
        0.6930757756233216,
        0.6929086661338806,
        0.6819491529464722,
        0.656017083644867,
        0.6520537338256835,
        0.6411058552265168,
        0.6431149625778199,
        0.6330638432502746,
        0.6294198888540268,
        0.6265524773597717,
        0.6202342237234115,
        0.6122189910411835,
        0.606345115184784,
        0.6047455768585205,
        0.6231396343708039,
        0.6004453727006912,
        0.5976052041053772,
        0.5901005461215972,
        0.5988631526231766,
        0.5973092411756515,
        0.596626765012741,
        0.5875844235420227,
        0.5844138442277909,
        0.6003265563249588,
        0.5942935665845871,
        0.5908440508842469,
        0.5757423535585403,
        0.577024943947792,
        0.5800665863752366
    ],
    "train_accuracy": [
        0.4964746130418457,
        0.49960365472068086,
        0.49685009804330593,
        0.5234678125912637,
        0.5654804121990905,
        0.5779548583587133,
        0.5925570528599441,
        0.5957695356502148,
        0.5960198589845217,
        0.6000250323334306,
        0.607743335141224,
        0.6110392590429304,
        0.6171304601777295,
        0.62547457132129,
        0.6275605991071801,
        0.630731361341733,
        0.6416204263840795,
        0.640035045266803,
        0.6464600108473445,
        0.6503817430848179,
        0.6542200342108557,
        0.6595185447870165,
        0.660269514789937,
        0.6637740414702323,
        0.6680712587091661,
        0.6701572864950561,
        0.6729108431724311,
        0.6793358087529726,
        0.6801702198673286,
        0.6799198965330219
    ],
    "val_accuracy": [
        0.54425,
        0.5,
        0.5,
        0.592,
        0.618,
        0.6255,
        0.63475,
        0.62675,
        0.63375,
        0.64,
        0.6465,
        0.64825,
        0.6575,
        0.66025,
        0.6605,
        0.64025,
        0.65925,
        0.67975,
        0.6745,
        0.672,
        0.68,
        0.67325,
        0.678,
        0.67775,
        0.67175,
        0.6725,
        0.69325,
        0.69925,
        0.693,
        0.689
    ],
    "val_f1": [
        0.49459384530080397,
        0.0,
        0.6652159357214597,
        0.6587202007528231,
        0.6208436724565757,
        0.5815642458100558,
        0.6216006216006216,
        0.5581532997928381,
        0.5858071812270286,
        0.5885714285714285,
        0.5915655690352397,
        0.605771924908938,
        0.6236263736263736,
        0.634185733512786,
        0.6563765182186235,
        0.5268003946070372,
        0.6137716066874469,
        0.6583088823686316,
        0.6651234567901234,
        0.6134354743665291,
        0.6471885336273429,
        0.6319346662911856,
        0.6737588652482269,
        0.6578178922219272,
        0.6405693950177936,
        0.6577847439916406,
        0.6971118242409282,
        0.6714012564872985,
        0.6742705570291777,
        0.6750261233019854
    ],
    "val_auc": [
        0.572829625,
        0.5659816249999999,
        0.5486526249999999,
        0.62629075,
        0.669860125,
        0.6805899999999999,
        0.686126375,
        0.6914091250000001,
        0.701729125,
        0.7091508750000001,
        0.7162655000000001,
        0.7233117499999999,
        0.7266078749999999,
        0.72756475,
        0.7275425,
        0.73547425,
        0.733455,
        0.74525625,
        0.7477852500000001,
        0.751209,
        0.7495907499999999,
        0.75296575,
        0.7497096249999999,
        0.7557057500000001,
        0.74658025,
        0.7487394999999999,
        0.76264625,
        0.7732077500000001,
        0.7681230000000001,
        0.7623864999999999
    ],
    "EPOCHS": 30,
    "best_accuracy": 0.69925,
    "best_epoch": 28,
    "MODEL_SAVED_PATH": "../results/best_simpleCNN.pth"
}