{
    "model_name": "Xception",
    "train_losses": [
        0.6663136429420435,
        0.6448759887577461,
        0.6328296110514551,
        0.6267053825052834,
        0.6227362209826806,
        0.6186936989677152,
        0.6158046319759346,
        0.6134805647764573,
        0.6087329309233049,
        0.6101218964585157
    ],
    "val_losses": [
        0.6673638648986816,
        0.6567012214660645,
        0.6687987725734711,
        0.6676895494461059,
        0.654487060546875,
        0.7049520168304443,
        0.6604096224308014,
        0.7241021089553833,
        0.6671848292350769,
        0.6776170558929443
    ],
    "train_accuracy": [
        0.590262422295465,
        0.6271851141057199,
        0.641912470274104,
        0.6460428052901664,
        0.6549710042137761,
        0.6598105886770412,
        0.6592682214527098,
        0.6637323209145146,
        0.6665693187033251,
        0.6675288914848346
    ],
    "val_accuracy": [
        0.59075,
        0.6045,
        0.5995,
        0.6145,
        0.62225,
        0.57975,
        0.617,
        0.5845,
        0.6025,
        0.614
    ],
    "val_f1": [
        0.4814697497624327,
        0.631578947368421,
        0.539919586444572,
        0.6527027027027027,
        0.6317328783816719,
        0.4225352112676056,
        0.6338432122370937,
        0.6807529773338455,
        0.5462328767123288,
        0.6653662765496315
    ],
    "val_auc": [
        0.649362375,
        0.6546038750000001,
        0.6525213750000001,
        0.6576415,
        0.66176875,
        0.6629442500000001,
        0.6577622499999999,
        0.65360175,
        0.657502875,
        0.6618352500000001
    ],
    "best_accuracy": 0.62225,
    "best_epoch": 5,
    "MODEL_SAVED_PATH": "/Users/mac/Desktop/Code/Personal_Project/VNUK/deep_fake_detection/model_checkpoints/Xception_image_classification.pth"
}