{
    "model_name": "Xception",
    "train_losses": [
        0.6663136429420435,
        0.6448759887577461,
        0.6328296110514551,
        0.6267053825052834,
        0.6227362209826806,
        0.6186936989677152,
        0.6158046319759346,
        0.6134805647764573,
        0.6087329309233049,
        0.6101218964585157,
        0.5531054818663541,
        0.43731421808898263,
        0.347103146320241,
        0.2782014702232705,
        0.2226239807729384,
        0.1811390084485058,
        0.1492851830736369,
        0.12359414919430624,
        0.09580886425405605,
        0.08011621443822162
    ],
    "val_losses": [
        0.6673638648986816,
        0.6567012214660645,
        0.6687987725734711,
        0.6676895494461059,
        0.654487060546875,
        0.7049520168304443,
        0.6604096224308014,
        0.7241021089553833,
        0.6671848292350769,
        0.6776170558929443,
        0.6360250434875488,
        0.7092560727596283,
        0.6823610825538635,
        0.6958249208927154,
        0.6933828115463256,
        0.8156473592519761,
        0.7831295006275177,
        0.8506188836097718,
        0.977238908290863,
        0.906796882390976
    ],
    "train_accuracy": [
        0.590262422295465,
        0.6271851141057199,
        0.641912470274104,
        0.6460428052901664,
        0.6549710042137761,
        0.6598105886770412,
        0.6592682214527098,
        0.6637323209145146,
        0.6665693187033251,
        0.6675288914848346,
        0.7145479577787976,
        0.7977387458800951,
        0.8527264383161584,
        0.8891484834577996,
        0.9184780341274146,
        0.9375026075347324,
        0.9481830697984898,
        0.9593641787308607,
        0.9717969043347657,
        0.976803371020902
    ],
    "val_accuracy": [
        0.59075,
        0.6045,
        0.5995,
        0.6145,
        0.62225,
        0.57975,
        0.617,
        0.5845,
        0.6025,
        0.614,
        0.65625,
        0.66475,
        0.688,
        0.68975,
        0.706,
        0.707,
        0.70875,
        0.70225,
        0.69925,
        0.70475
    ],
    "val_f1": [
        0.4814697497624327,
        0.631578947368421,
        0.539919586444572,
        0.6527027027027027,
        0.6317328783816719,
        0.4225352112676056,
        0.6338432122370937,
        0.6807529773338455,
        0.5462328767123288,
        0.6653662765496315,
        0.6687545169838593,
        0.7113024757804091,
        0.7221727515583259,
        0.720684222372271,
        0.7135898684851437,
        0.7316849816849816,
        0.7297610763163999,
        0.7215337853635726,
        0.7400043224551546,
        0.7386589953529542
    ],
    "val_auc": [
        0.649362375,
        0.6546038750000001,
        0.6525213750000001,
        0.6576415,
        0.66176875,
        0.6629442500000001,
        0.6577622499999999,
        0.65360175,
        0.657502875,
        0.6618352500000001,
        0.7179727499999999,
        0.7476309999999999,
        0.770017375,
        0.7714331249999999,
        0.7781422499999999,
        0.7893410000000001,
        0.7890906249999999,
        0.7877103750000001,
        0.7930159999999999,
        0.7904633750000001
    ],
    "best_accuracy": 0.70875,
    "best_epoch": 17,
    "MODEL_SAVED_PATH": "/Users/mac/Desktop/Code/Personal_Project/VNUK/deep_fake_detection/model_checkpoints/Xception_finetuned_image_classification.pth"
}