{
    "model_name": "Xception",
    "model_saved_path": "",
    "weight_decay": 0.01,
    "label_smoothing": 0.1,
    "train_losses": [
        0.6802186422084465,
        0.6697528547009057,
        0.6696050084707728,
        0.6661467517563257,
        0.6667024539578847,
        0.6657235260099361,
        0.6669591385735264,
        0.6654278566422418,
        0.6706846210684716,
        0.6682561228610602
    ],
    "val_losses": [
        0.6666643947562916,
        0.662168055652772,
        0.6624169590489176,
        0.6566795081900271,
        0.6650215254934042,
        0.6595527992152528,
        0.6875849139770406,
        0.6612885940794977,
        0.6600868489918292,
        0.6580857012495899
    ],
    "train_accuracy": [
        0.5735132815108016,
        0.5942105012160809,
        0.5996470980971911,
        0.6055605894415566,
        0.6045591110687205,
        0.6076112356335543,
        0.6044637321760694,
        0.6068005150460203,
        0.5999809242214698,
        0.6024607754303972
    ],
    "val_accuracy": [
        0.5956375838926175,
        0.6197986577181208,
        0.6174496644295302,
        0.625503355704698,
        0.601006711409396,
        0.6208053691275168,
        0.5634228187919463,
        0.609731543624161,
        0.6157718120805369,
        0.6238255033557047
    ],
    "val_f1": [
        0.657961964235027,
        0.6413421968977524,
        0.5714285714285714,
        0.5941818181818181,
        0.5253493013972056,
        0.6571601941747572,
        0.32485729112610273,
        0.5655584609637654,
        0.5706786651668542,
        0.6471514006924772
    ],
    "val_auc": [
        0.6573440385568218,
        0.6614422773748931,
        0.6631831899463987,
        0.6736187559118959,
        0.6623014729066258,
        0.6653360208999595,
        0.667678257736138,
        0.6622843565605153,
        0.6679440115310121,
        0.6705702445835774
    ],
    "best_accuracy": 0.625503355704698,
    "best_epoch": 4,
    "MODEL_SAVED_PATH": "/Users/mac/Desktop/Code/Personal_Project/VNUK/deep_fake_detection/model_checkpoints/Xception_augmentation_deepfake_detection.pth"
}