{
    "model_name": "Xception",
    "train_losses": [
        0.6774818185794859,
        0.6559536414935733,
        0.6515396585041057,
        0.6470176261708064,
        0.6483566146110328,
        0.6488919775028575,
        0.6494172295535309,
        0.6457783020135642,
        0.645323996386068,
        0.6501345553363568
    ],
    "val_losses": [
        0.6596105284338829,
        0.6490629374980926,
        0.6548454170259054,
        0.6518853183560723,
        0.757681453948053,
        0.654873177549183,
        0.641584642021448,
        0.64695529345698,
        0.6577860552992597,
        0.6427135208309097
    ],
    "train_accuracy": [
        0.569841194143736,
        0.6122848013734561,
        0.616433783203777,
        0.6233487529209786,
        0.6198674233392151,
        0.6217750011922362,
        0.6207258333730745,
        0.6246840574180934,
        0.6275931136439505,
        0.6224903428871191
    ],
    "val_accuracy": [
        0.6043624161073825,
        0.6201342281879194,
        0.614765100671141,
        0.6181208053691275,
        0.5446308724832215,
        0.6201342281879194,
        0.6251677852348994,
        0.6194630872483221,
        0.6063758389261745,
        0.6218120805369127
    ],
    "val_f1": [
        0.6659110229526778,
        0.6307893020221788,
        0.6733067729083665,
        0.5718585402558315,
        0.6791203594230314,
        0.6737752161383286,
        0.6297646668876368,
        0.5701288855193328,
        0.5434021019852082,
        0.6055302765138257
    ],
    "val_auc": [
        0.6614427278050539,
        0.6658995090311247,
        0.6781762082789063,
        0.6670735552452594,
        0.6753628214945272,
        0.6798513580469348,
        0.6796977613621008,
        0.6797824422323319,
        0.6676510067114093,
        0.6764866447457322
    ],
    "best_accuracy": 0.6251677852348994,
    "best_epoch": 7,
    "MODEL_SAVED_PATH": "/Users/mac/Desktop/Code/Personal_Project/VNUK/deep_fake_detection/model_checkpoints/Xception_deepfake_detection.pth"
}