{
    "model_name": "Xception",
    "model_saved_path": "",
    "weight_decay": 0.01,
    "label_smoothing": 0.1,
    "train_losses": [
        0.6802186422084465,
        0.6697528547009057,
        0.6696050084707728,
        0.6661467517563257,
        0.6667024539578847,
        0.6657235260099361,
        0.6669591385735264,
        0.6654278566422418,
        0.6706846210684716,
        0.6682561228610602,
        0.6398193582176815,
        0.5852839206641844,
        0.5089122461820116,
        0.44815432966804347,
        0.4069097891767579,
        0.3730158228134926,
        0.35260257457616906,
        0.33662721986416794,
        0.3240999900462989,
        0.31574779022796806,
        0.30907793991799587,
        0.3005687722667922,
        0.2964175823585426,
        0.28927759112925866,
        0.28714416400745785,
        0.2864050201240587,
        0.27927384126271076,
        0.27784874798220405,
        0.27548096649431525,
        0.2731979103796506
    ],
    "val_losses": [
        0.6666643947562916,
        0.662168055652772,
        0.6624169590489176,
        0.6566795081900271,
        0.6650215254934042,
        0.6595527992152528,
        0.6875849139770406,
        0.6612885940794977,
        0.6600868489918292,
        0.6580857012495899,
        0.6200945606967747,
        0.5625242139669072,
        0.5159393490960934,
        0.4787196855417034,
        0.4561924241933247,
        0.46844261500659407,
        0.4400589761317976,
        0.4191289477700355,
        0.4158876075040574,
        0.39166688455031223,
        0.4402964949207818,
        0.43112596809464016,
        0.3734581166065779,
        0.36946149168398557,
        0.36082902010655243,
        0.36305773278210784,
        0.38875891148243974,
        0.40146653584185865,
        0.41144567800048215,
        0.3679069013003535
    ],
    "train_accuracy": [
        0.5735132815108016,
        0.5942105012160809,
        0.5996470980971911,
        0.6055605894415566,
        0.6045591110687205,
        0.6076112356335543,
        0.6044637321760694,
        0.6068005150460203,
        0.5999809242214698,
        0.6024607754303972,
        0.6439505937336067,
        0.7148171109733416,
        0.7876865849587487,
        0.8374743669226,
        0.8690447803900997,
        0.8939386713720253,
        0.9087223997329391,
        0.9190233201392531,
        0.9270351471219419,
        0.9327578806810053,
        0.9342362535170967,
        0.9420573227144833,
        0.9447279317087128,
        0.9484953979684296,
        0.9485907768610806,
        0.9482092612904764,
        0.9532643426009824,
        0.9537889265105632,
        0.9561257093805141,
        0.9577948400019076
    ],
    "val_accuracy": [
        0.5956375838926175,
        0.6197986577181208,
        0.6174496644295302,
        0.625503355704698,
        0.601006711409396,
        0.6208053691275168,
        0.5634228187919463,
        0.609731543624161,
        0.6157718120805369,
        0.6238255033557047,
        0.6708053691275168,
        0.7308724832214765,
        0.774496644295302,
        0.8083892617449664,
        0.8318791946308725,
        0.8298657718120805,
        0.8446308724832214,
        0.8614093959731544,
        0.875503355704698,
        0.87751677852349,
        0.8446308724832214,
        0.8543624161073825,
        0.890268456375839,
        0.8969798657718121,
        0.8993288590604027,
        0.9023489932885906,
        0.889261744966443,
        0.8785234899328859,
        0.8704697986577181,
        0.8959731543624161
    ],
    "val_f1": [
        0.657961964235027,
        0.6413421968977524,
        0.5714285714285714,
        0.5941818181818181,
        0.5253493013972056,
        0.6571601941747572,
        0.32485729112610273,
        0.5655584609637654,
        0.5706786651668542,
        0.6471514006924772,
        0.6500178380306814,
        0.720946416144746,
        0.7833655705996132,
        0.8093489148580968,
        0.8366481904140854,
        0.842497670083877,
        0.8563450201675458,
        0.8674157303370786,
        0.866786355475763,
        0.8799736928641894,
        0.8616671646250373,
        0.8688029020556227,
        0.8894896924636702,
        0.896037927531324,
        0.900398406374502,
        0.8999656239257476,
        0.8952380952380953,
        0.8884093711467325,
        0.879375,
        0.9
    ],
    "val_auc": [
        0.6573440385568218,
        0.6614422773748931,
        0.6631831899463987,
        0.6736187559118959,
        0.6623014729066258,
        0.6653360208999595,
        0.667678257736138,
        0.6622843565605153,
        0.6679440115310121,
        0.6705702445835774,
        0.7420897707310481,
        0.8159375703797127,
        0.8642290887797848,
        0.8951860276564119,
        0.9147700554029098,
        0.9192306652853475,
        0.9369906760956714,
        0.9423269222107111,
        0.9487032115670465,
        0.9509161749470745,
        0.9524845727669924,
        0.9551772442682762,
        0.9593892167019504,
        0.9599990991396784,
        0.9619273906580784,
        0.9636696545200667,
        0.9578320796360524,
        0.9660704472771497,
        0.9560702220620692,
        0.9656465924958335
    ],
    "best_accuracy": 0.9023489932885906,
    "best_epoch": 26,
    "MODEL_SAVED_PATH": "/Users/mac/Desktop/Code/Personal_Project/VNUK/deep_fake_detection/model_checkpoints/best_Xception_deepfake_detection_finetuned.pth",
    "LABEL_SMOOTHING_STAGE_2": 0.1,
    "WEIGHT_DECAY_STAGE_2": 0.05
}