{
    "model_name": "xception",
    "train_losses": [
        0.6909799789068393,
        0.6851993627027793,
        0.6834914429056773,
        0.6827271048210705,
        0.6807675758069217,
        0.6789981850774442,
        0.6785734328669986,
        0.6779946780452453,
        0.6785405301208206,
        0.6771589421704731,
        0.6669011188068658,
        0.6381827793952306,
        0.6028248350806974,
        0.5739807003559689,
        0.5499184951873142,
        0.5323619707797783,
        0.5131216829433535,
        0.5001620403631811,
        0.487057953365475,
        0.4787452915413189,
        0.4648882040935104,
        0.46171353759433,
        0.4572594258631965,
        0.45123333330471527,
        0.44544661511959693,
        0.44085308803854134,
        0.435012755022861,
        0.43069109130529376,
        0.4245450144277814,
        0.41777974948043933
    ],
    "val_losses": [
        0.6888389468193055,
        0.6857255249023437,
        0.6887378568649292,
        0.6819086842536927,
        0.6821300201416015,
        0.6833374042510987,
        0.6839669895172119,
        0.679466794013977,
        0.6863073968887329,
        0.680760877609253,
        0.6515030057430268,
        0.6203871006965638,
        0.5838000571727753,
        0.5746128213405609,
        0.5425363171100617,
        0.5346265029907227,
        0.5312327698469163,
        0.5367344943284988,
        0.5878629047870636,
        0.6625780161619187,
        0.642295068025589,
        0.513114483833313,
        0.6322285143136979,
        0.6378121546506882,
        0.5406991156339646,
        0.5206646939516067,
        0.5446415476799011,
        0.7276604672670365,
        0.6877780274152756,
        0.613850090265274
    ],
    "train_accuracy": [
        0.5280570737202219,
        0.5568859777212233,
        0.563686428303225,
        0.5658976177562686,
        0.5715716133338896,
        0.5787058283616338,
        0.5774959322458175,
        0.578872710584505,
        0.5794150778088364,
        0.579498518920272,
        0.6032375151237015,
        0.6431640869456381,
        0.6849680837748758,
        0.7150068838916934,
        0.7334890900746798,
        0.7529308690391756,
        0.7671575785389462,
        0.7766698652426051,
        0.78701656306062,
        0.7996996119988318,
        0.8073761942509075,
        0.812090617047019,
        0.8101297509282823,
        0.8198089198548124,
        0.8235637698694147,
        0.8257749593224581,
        0.832366807125871,
        0.8351620843589637,
        0.8416704910509408,
        0.8469272810713838
    ],
    "val_accuracy": [
        0.537,
        0.54825,
        0.533,
        0.571,
        0.57075,
        0.555,
        0.55075,
        0.5795,
        0.54925,
        0.5655,
        0.62525,
        0.67675,
        0.71825,
        0.73375,
        0.77175,
        0.7825,
        0.78425,
        0.79,
        0.77,
        0.7355,
        0.74925,
        0.81825,
        0.7775,
        0.75275,
        0.803,
        0.81675,
        0.81,
        0.71675,
        0.73225,
        0.773
    ],
    "val_f1": [
        0.37432432432432433,
        0.4558867810900331,
        0.26745098039215687,
        0.6138613861386139,
        0.5024630541871922,
        0.4243208279430789,
        0.3822619456858027,
        0.6250557289344628,
        0.3269876819708847,
        0.45345911949685536,
        0.5975838926174497,
        0.7238949391415759,
        0.7180385288966725,
        0.7151644824819471,
        0.7673885350318471,
        0.7817360762669343,
        0.7830022630123209,
        0.7960174842156387,
        0.7956463793869392,
        0.7771693344566133,
        0.7883519729900823,
        0.8244385414151171,
        0.8064375815571988,
        0.7901548907277742,
        0.7818383167220376,
        0.8191463113742906,
        0.7901711761457758,
        0.7683500306685749,
        0.7775700934579439,
        0.8017467248908297
    ],
    "val_auc": [
        0.570773625,
        0.58478825,
        0.58996925,
        0.6013303750000001,
        0.60664175,
        0.602824,
        0.6030385,
        0.60931825,
        0.59729,
        0.610484875,
        0.67998425,
        0.76150425,
        0.790897,
        0.8183084999999999,
        0.8484231250000001,
        0.858166,
        0.8616620000000002,
        0.8692334999999999,
        0.8707357500000001,
        0.8650491250000001,
        0.87787625,
        0.8941747499999999,
        0.87984025,
        0.875148,
        0.89287425,
        0.89057775,
        0.8913407500000001,
        0.846582,
        0.8598615,
        0.8795357500000001
    ],
    "best_accuracy": 0.81825,
    "best_epoch": 22,
    "MODEL_SAVED_PATH": "../model_checkpoints/Xception_with_reg_finetuned_image_classification.pth"
}