{
    "model_name": "xception",
    "train_losses": [
        0.6690107867836013,
        0.6427123157351101,
        0.6360841480730433,
        0.625946041549857,
        0.6232545001321096,
        0.6197585377010218,
        0.616470480290724,
        0.6132217083020465,
        0.6115177732553633,
        0.6102107715992632,
        0.5594879314405976,
        0.44306193311599695,
        0.3522280007171822,
        0.2819509170217425,
        0.2286349357783389,
        0.18492329309628144,
        0.1474229703260267,
        0.12270209772018155,
        0.10096225061784266,
        0.08022976900411291
    ],
    "val_losses": [
        0.6651702170372009,
        0.6571639204025268,
        0.6606011772155762,
        0.6545095286369323,
        0.7477404685020447,
        0.6617015461921691,
        0.7540138196945191,
        0.7216629037857055,
        0.6730062189102173,
        0.6685139572620392,
        0.6559706172943115,
        0.6272069573402405,
        0.6872563242912293,
        0.7820375912189483,
        0.7462428179979325,
        0.8099045565128327,
        0.8238197829723358,
        1.011935274362564,
        0.7983975045681,
        0.9044266273975372
    ],
    "train_accuracy": [
        0.5895531728482624,
        0.6264758646585172,
        0.6376986941466061,
        0.6508823897534315,
        0.6510492719763027,
        0.6557636947724144,
        0.6581834870040469,
        0.6580166047811757,
        0.6626058659101339,
        0.6644415703617172,
        0.710667946097042,
        0.7982393925487088,
        0.852392673870416,
        0.8885643956777505,
        0.9158913596729108,
        0.9346656097459218,
        0.9513538320330427,
        0.9609495598481371,
        0.969001627101673,
        0.9776795026909758
    ],
    "val_accuracy": [
        0.61625,
        0.609,
        0.61625,
        0.62425,
        0.57775,
        0.6175,
        0.57325,
        0.58375,
        0.6095,
        0.61975,
        0.66,
        0.676,
        0.68975,
        0.693,
        0.7105,
        0.714,
        0.71575,
        0.70025,
        0.722,
        0.72925
    ],
    "val_f1": [
        0.6404310142890607,
        0.607429718875502,
        0.5999478759447485,
        0.6207418622255867,
        0.6802952867688813,
        0.6381267738883633,
        0.37949836423118866,
        0.6708835738288199,
        0.5776095186587344,
        0.6595030221625252,
        0.6628656420426375,
        0.6703967446592065,
        0.7160832761381835,
        0.7255252570406795,
        0.7157584683357879,
        0.725790987535954,
        0.7395189003436426,
        0.7331404406855108,
        0.7387218045112782,
        0.7329223181257707
    ],
    "val_auc": [
        0.64451525,
        0.6561978749999999,
        0.6607939999999999,
        0.66613325,
        0.6565750000000001,
        0.66003,
        0.65643275,
        0.65260225,
        0.65677575,
        0.6655645,
        0.7135205,
        0.745576,
        0.7626044999999999,
        0.772580625,
        0.779892,
        0.7832365000000001,
        0.7908195,
        0.7907474999999999,
        0.797719625,
        0.7998529999999999
    ],
    "best_accuracy": 0.72925,
    "best_epoch": 20,
    "MODEL_SAVED_PATH": "../model_checkpoints/xception_finetuned_image_classification.pth"
}