{
    "model_name": "Xception",
    "train_losses": [
        0.6774818185794859,
        0.6559536414935733,
        0.6515396585041057,
        0.6470176261708064,
        0.6483566146110328,
        0.6488919775028575,
        0.6494172295535309,
        0.6457783020135642,
        0.645323996386068,
        0.6501345553363568,
        0.5694447425570496,
        0.4146677747612558,
        0.30033178982627406,
        0.21526896326524506,
        0.15062175120635518,
        0.10705215530378964,
        0.07629603019611417,
        0.0549661430951164,
        0.041940946897113494,
        0.032011365372650445,
        0.02546537080995969,
        0.02262413529227486,
        0.017742276065885833,
        0.013365104202549029,
        0.013337061619517988,
        0.014635715836159769,
        0.011347917908499235,
        0.011110964624881743,
        0.011547561945127462,
        0.009034809023937765
    ],
    "val_losses": [
        0.6596105284338829,
        0.6490629374980926,
        0.6548454170259054,
        0.6518853183560723,
        0.757681453948053,
        0.654873177549183,
        0.641584642021448,
        0.64695529345698,
        0.6577860552992597,
        0.6427135208309097,
        0.5428653488223185,
        0.5067210626482164,
        0.5037018645729795,
        0.5345496027561643,
        0.5488092101710355,
        0.5997011814291445,
        0.6617795009040992,
        0.7394343905175892,
        0.8187574310465747,
        0.7520261120426175,
        0.820014986423338,
        0.8269545201812214,
        0.8616344860858041,
        0.8670089127289619,
        0.9364695756799297,
        0.9384078783376905,
        0.9815397022034186,
        1.0418172606517055,
        0.9538537459022947,
        0.9838904659420051
    ],
    "train_accuracy": [
        0.569841194143736,
        0.6122848013734561,
        0.616433783203777,
        0.6233487529209786,
        0.6198674233392151,
        0.6217750011922362,
        0.6207258333730745,
        0.6246840574180934,
        0.6275931136439505,
        0.6224903428871191,
        0.6982688730983834,
        0.8111497925509085,
        0.8732891411130717,
        0.915398922218513,
        0.9464924412227574,
        0.9631360579903667,
        0.9753922456960274,
        0.9841194143735992,
        0.9876484334016882,
        0.9909866946444752,
        0.992417378034241,
        0.9936573036387047,
        0.9950402975821451,
        0.9970909437741428,
        0.9959940865086556,
        0.9950402975821451,
        0.996661738757213,
        0.9962802231866088,
        0.9963279126329343,
        0.9970432543278173
    ],
    "val_accuracy": [
        0.6043624161073825,
        0.6201342281879194,
        0.614765100671141,
        0.6181208053691275,
        0.5446308724832215,
        0.6201342281879194,
        0.6251677852348994,
        0.6194630872483221,
        0.6063758389261745,
        0.6218120805369127,
        0.723489932885906,
        0.7630872483221477,
        0.7778523489932886,
        0.7865771812080536,
        0.8006711409395973,
        0.7986577181208053,
        0.7993288590604026,
        0.7969798657718121,
        0.790268456375839,
        0.810738255033557,
        0.8016778523489932,
        0.8050335570469799,
        0.8087248322147651,
        0.8161073825503355,
        0.8104026845637584,
        0.8137583892617449,
        0.8090604026845638,
        0.8013422818791947,
        0.812751677852349,
        0.8093959731543624
    ],
    "val_f1": [
        0.6659110229526778,
        0.6307893020221788,
        0.6733067729083665,
        0.5718585402558315,
        0.6791203594230314,
        0.6737752161383286,
        0.6297646668876368,
        0.5701288855193328,
        0.5434021019852082,
        0.6055302765138257,
        0.7324675324675325,
        0.7703318152244633,
        0.7856217616580311,
        0.8005018820577164,
        0.811787072243346,
        0.8110831234256927,
        0.8145161290322581,
        0.8158295281582952,
        0.8125937031484258,
        0.8215189873417722,
        0.8169711985134717,
        0.8182671254300907,
        0.8212045169385195,
        0.8244714926329276,
        0.8249147815308336,
        0.8272642390289449,
        0.8227966365618188,
        0.8192918192918193,
        0.8243073047858942,
        0.8210459987397606
    ],
    "val_auc": [
        0.6614427278050539,
        0.6658995090311247,
        0.6781762082789063,
        0.6670735552452594,
        0.6753628214945272,
        0.6798513580469348,
        0.6796977613621008,
        0.6797824422323319,
        0.6676510067114093,
        0.6764866447457322,
        0.8016967704157469,
        0.8425561911625604,
        0.8613562452141796,
        0.8729325255619118,
        0.88225890725643,
        0.8854276834376831,
        0.8868057745146616,
        0.8875203819647762,
        0.8891088239268501,
        0.8906668618530696,
        0.8917555515517319,
        0.8912594027296068,
        0.8929295977658666,
        0.8952011170667988,
        0.8965143462006215,
        0.8966701950362598,
        0.8961546777172198,
        0.8943689473447141,
        0.8982061618845998,
        0.8958258636998333
    ],
    "best_accuracy": 0.8161073825503355,
    "best_epoch": 24,
    "MODEL_SAVED_PATH": "/Users/mac/Desktop/Code/Personal_Project/VNUK/deep_fake_detection/model_checkpoints/best_Xception_deepfake_detection_finetuned.pth"
}