{
    "model_name": "Xception",
    "train_losses": [
        0.6930098970774203,
        0.6892595232624729,
        0.6879088720276059,
        0.6865539319464797,
        0.6861157716352584,
        0.6872220312312138,
        0.6875972185426731,
        0.6846596063056225,
        0.6849358099100462,
        0.6887452483545222,
        0.6643992875145456,
        0.6320319753613468,
        0.6001905023895002,
        0.571637332282758,
        0.5486748366248668,
        0.5292552711792665,
        0.5149313534443556,
        0.49786403771360704,
        0.4930239819934259,
        0.48053154661537156,
        0.46866230587869967,
        0.4593981106810757,
        0.4555662860634221,
        0.4495032921398013,
        0.4484520024593614,
        0.44348714412728363,
        0.43528163361456873,
        0.4322781409099844,
        0.429491718484133,
        0.42559772533421286
    ],
    "val_losses": [
        0.6832796640396118,
        0.6889517164230347,
        0.6827912635803223,
        0.6875059266090393,
        0.6895754675865173,
        0.6807818388938904,
        0.6795383048057556,
        0.6766074185371399,
        0.6778505640029907,
        0.6829947428703308,
        0.6431702585220337,
        0.619180340051651,
        0.5907117908000946,
        0.5817349436283111,
        0.5701292598247528,
        0.5796409406661988,
        0.5764213430881501,
        0.5594085627794265,
        0.586052031993866,
        0.5455624306201935,
        0.550815149307251,
        0.5384048011302948,
        0.5367290277481079,
        0.5521201810836792,
        0.5590300595760346,
        0.6819820070266723,
        0.513700421333313,
        0.4960423476696014,
        0.5337694650888443,
        0.5252336959838867
    ],
    "train_accuracy": [
        0.5464558387917727,
        0.5623513705202553,
        0.5661896616462931,
        0.56472944219617,
        0.5637281488589428,
        0.5656472944219617,
        0.5648128833076057,
        0.5663565438691643,
        0.5641036338604031,
        0.5570945804998123,
        0.6054904251324628,
        0.6507155075305603,
        0.6824648504318077,
        0.7166757061204055,
        0.7334890900746798,
        0.7531394718177646,
        0.7646960657515958,
        0.7764195419082982,
        0.7835954774917602,
        0.79460970420126,
        0.807251032583754,
        0.811256205932663,
        0.8176811715132045,
        0.8203512870791438,
        0.8222704326421628,
        0.826025282656765,
        0.8309900287871834,
        0.8356627310275773,
        0.8368726271433935,
        0.8402102716008177
    ],
    "val_accuracy": [
        0.558,
        0.55475,
        0.559,
        0.55375,
        0.5565,
        0.561,
        0.562,
        0.581,
        0.5755,
        0.56175,
        0.6365,
        0.66825,
        0.71375,
        0.73725,
        0.7445,
        0.75325,
        0.76325,
        0.77825,
        0.769,
        0.79725,
        0.79725,
        0.8035,
        0.80575,
        0.7955,
        0.785,
        0.7285,
        0.82,
        0.80575,
        0.80825,
        0.809
    ],
    "val_f1": [
        0.6199484092863284,
        0.5007008690776563,
        0.4417721518987342,
        0.3439911797133407,
        0.6392842618950793,
        0.6436688311688312,
        0.5931258708778449,
        0.5791059768960322,
        0.5117883841288097,
        0.507722549845549,
        0.6223376623376623,
        0.6447121820615797,
        0.7222895949551298,
        0.736128546321868,
        0.7580492424242424,
        0.7657251364823167,
        0.7371634748820427,
        0.7899597442576367,
        0.7950310559006211,
        0.796690899974931,
        0.7799185888738127,
        0.8076358296622613,
        0.8220746507900161,
        0.8133272478320401,
        0.8096502877379371,
        0.7790886899918633,
        0.8189134808853119,
        0.8141592920353983,
        0.8239614413587331,
        0.8083291520321124
    ],
    "val_auc": [
        0.59391675,
        0.5796472500000001,
        0.600318125,
        0.60532675,
        0.59368075,
        0.612232375,
        0.5994900000000001,
        0.6141065,
        0.60978675,
        0.5950567499999999,
        0.6927242499999999,
        0.744953,
        0.7904485,
        0.814187,
        0.827509,
        0.8347074999999999,
        0.857295,
        0.86602475,
        0.8633244999999999,
        0.8771517499999999,
        0.8789648750000001,
        0.8853932500000001,
        0.894692625,
        0.88564825,
        0.8872162499999999,
        0.868464375,
        0.8970629999999999,
        0.8958675,
        0.89852025,
        0.8927957500000001
    ],
    "best_accuracy": 0.82,
    "best_epoch": 27,
    "MODEL_SAVED_PATH": "/Users/mac/Desktop/Code/Personal_Project/VNUK/deep_fake_detection/model_checkpoints/Xception_with_reg_finetuned_image_classification.pth"
}