{
    "model_name": "Resnet18",
    "model_saved_path": "",
    "weight_decay": 0.01,
    "label_smoothing": 0.1,
    "train_losses": [
        0.7028920266117636,
        0.6900154508355748,
        0.6892489900637425,
        0.6860816530860927,
        0.6885747148747425,
        0.6941621410692645,
        0.6883804931269507,
        0.6907885391839874,
        0.6862973665593036,
        0.688659619793848,
        0.6129456871460592,
        0.495670176593012,
        0.4241980485914091,
        0.3803395665810738,
        0.3560749133164532,
        0.335843744776076,
        0.32139352735028404,
        0.3107562361769117,
        0.30130988639438777,
        0.2926017607129338,
        0.2873083274390281,
        0.2790083947657083,
        0.2734641251289041,
        0.26864948023814683,
        0.26271127207356865,
        0.26286136044132574,
        0.25386938919887575,
        0.25479710993919596,
        0.2514850457436401,
        0.2527651584047782
    ],
    "val_losses": [
        0.672443165795115,
        0.6823018807692816,
        0.6796675566058831,
        0.6670287711508323,
        0.6667537766014969,
        0.6729079347328851,
        0.6700896517542385,
        0.6635602245394816,
        0.6851605272133079,
        0.6729204480280012,
        0.5432431947464911,
        0.4953635917413955,
        0.4775806649619301,
        0.4573694729965005,
        0.4505272522468695,
        0.4403939680565124,
        0.4407165504341958,
        0.4370841299927475,
        0.44738215296060446,
        0.44029255175350496,
        0.42644916898852225,
        0.43791387877208277,
        0.4236011505727,
        0.41854006566057267,
        0.41734543312716005,
        0.3924940318269218,
        0.3996334623970441,
        0.4700679464228201,
        0.42336940989398314,
        0.42098499738530026
    ],
    "train_accuracy": [
        0.5652630072964853,
        0.5772330583241928,
        0.5764700271829845,
        0.5764700271829845,
        0.579951356764748,
        0.5731317659401974,
        0.5757546854881015,
        0.5737040392961038,
        0.5827173446516286,
        0.5785683628213076,
        0.6779531689637084,
        0.7989889837378988,
        0.855357909294673,
        0.8906957890218895,
        0.9105345986933092,
        0.9227907863989699,
        0.934713147980352,
        0.9411989126806237,
        0.9488292240927083,
        0.9525490009060995,
        0.9556965043635843,
        0.9614192379226477,
        0.9655682197529687,
        0.9659020458772474,
        0.9709094377414278,
        0.9683818970861748,
        0.9756783823739806,
        0.9731508417187277,
        0.9754399351423529,
        0.9743430778768658
    ],
    "val_accuracy": [
        0.5909395973154362,
        0.5667785234899329,
        0.5781879194630872,
        0.6114093959731544,
        0.5966442953020135,
        0.5942953020134228,
        0.5949664429530201,
        0.6090604026845637,
        0.5738255033557047,
        0.6030201342281879,
        0.7580536912751678,
        0.7939597315436242,
        0.8221476510067114,
        0.8422818791946308,
        0.8489932885906041,
        0.8583892617449664,
        0.8563758389261745,
        0.8657718120805369,
        0.8590604026845637,
        0.8587248322147651,
        0.8674496644295302,
        0.864765100671141,
        0.8788590604026846,
        0.8728187919463087,
        0.8791946308724832,
        0.8869127516778523,
        0.8802013422818792,
        0.836241610738255,
        0.8697986577181208,
        0.8738255033557047
    ],
    "val_f1": [
        0.6563292923597406,
        0.6688894588355989,
        0.6575864886951784,
        0.6512048192771084,
        0.5840830449826989,
        0.49094736842105263,
        0.6436374372601122,
        0.6151304922365378,
        0.6721734641197729,
        0.5402254178002331,
        0.7638388470357026,
        0.802572347266881,
        0.8292525773195877,
        0.8479948253557568,
        0.8556767158434894,
        0.8619109947643979,
        0.8616677440206852,
        0.8644986449864499,
        0.866497139224412,
        0.8637981235846005,
        0.8683772075974675,
        0.8718600953895072,
        0.8820646847435478,
        0.8761033017325923,
        0.8852040816326531,
        0.8889621087314662,
        0.8834476003917727,
        0.8546754020250149,
        0.8772151898734177,
        0.8820577164366374
    ],
    "val_auc": [
        0.6462010720237826,
        0.6476052880500878,
        0.6378645106076303,
        0.652851448132967,
        0.6435448853655241,
        0.6407526687987029,
        0.6434599792802127,
        0.653237691995856,
        0.639197333453448,
        0.6370399981982793,
        0.8358754110175218,
        0.8846101526958245,
        0.9087279852258907,
        0.9227543804333138,
        0.931394081347687,
        0.9370321156704653,
        0.9375983063825953,
        0.938550966172695,
        0.9409341921535066,
        0.9410760776541596,
        0.9418021710733749,
        0.943465159227062,
        0.94483176433494,
        0.9480994099364893,
        0.9513963334984911,
        0.9553069681545876,
        0.9535629025719562,
        0.9449795054276833,
        0.9486016395657855,
        0.9472861582811586
    ],
    "best_accuracy": 0.8869127516778523,
    "best_epoch": 26,
    "MODEL_SAVED_PATH": "/Users/mac/Desktop/Code/Personal_Project/VNUK/deep_fake_detection/model_checkpoints/best_Resnet18_deepfake_detection_augmentation_finetuned.pth"
}