{
    "model_name": "Resnet18",
    "model_saved_path": "",
    "weight_decay": 0.01,
    "label_smoothing": 0.1,
    "train_losses": [
        0.7028920266117636,
        0.6900154508355748,
        0.6892489900637425,
        0.6860816530860927,
        0.6885747148747425,
        0.6941621410692645,
        0.6883804931269507,
        0.6907885391839874,
        0.6862973665593036,
        0.688659619793848
    ],
    "val_losses": [
        0.672443165795115,
        0.6823018807692816,
        0.6796675566058831,
        0.6670287711508323,
        0.6667537766014969,
        0.6729079347328851,
        0.6700896517542385,
        0.6635602245394816,
        0.6851605272133079,
        0.6729204480280012
    ],
    "train_accuracy": [
        0.5652630072964853,
        0.5772330583241928,
        0.5764700271829845,
        0.5764700271829845,
        0.579951356764748,
        0.5731317659401974,
        0.5757546854881015,
        0.5737040392961038,
        0.5827173446516286,
        0.5785683628213076
    ],
    "val_accuracy": [
        0.5909395973154362,
        0.5667785234899329,
        0.5781879194630872,
        0.6114093959731544,
        0.5966442953020135,
        0.5942953020134228,
        0.5949664429530201,
        0.6090604026845637,
        0.5738255033557047,
        0.6030201342281879
    ],
    "val_f1": [
        0.6563292923597406,
        0.6688894588355989,
        0.6575864886951784,
        0.6512048192771084,
        0.5840830449826989,
        0.49094736842105263,
        0.6436374372601122,
        0.6151304922365378,
        0.6721734641197729,
        0.5402254178002331
    ],
    "val_auc": [
        0.6462010720237826,
        0.6476052880500878,
        0.6378645106076303,
        0.652851448132967,
        0.6435448853655241,
        0.6407526687987029,
        0.6434599792802127,
        0.653237691995856,
        0.639197333453448,
        0.6370399981982793
    ],
    "best_accuracy": 0.6114093959731544,
    "best_epoch": 4,
    "MODEL_SAVED_PATH": "/Users/mac/Desktop/Code/Personal_Project/VNUK/deep_fake_detection/model_checkpoints/Resnet18_augmentation_deepfake_detection.pth"
}