{
    "model_name": "Resnet18",
    "train_losses": [
        0.7039363815148943,
        0.697952390413389,
        0.690145608177123,
        0.6945823547842008,
        0.6904115787017548,
        0.6930380215920964,
        0.692513252402273,
        0.693039335336259,
        0.6889077801942934,
        0.6894621790447623,
        0.6915763592067511,
        0.6876528056294834,
        0.6957977361437168,
        0.6894400686757964,
        0.6876863331265362,
        0.6537174891458694,
        0.6120430871777771,
        0.5745483781285875,
        0.5504453250754984,
        0.5284363461593159,
        0.509157728826086,
        0.49194674764130497,
        0.47982811731840386,
        0.47318818480008895,
        0.45909812340594547,
        0.4521243705822721,
        0.43826830004157685,
        0.42983210959419194,
        0.4219963152664535,
        0.41256402589396596,
        0.4045407643773349,
        0.40590900330684965,
        0.39704397495440785,
        0.39302867748714554,
        0.37950778699815435
    ],
    "val_losses": [
        0.676374547958374,
        0.6775543041229248,
        0.6824897556304932,
        0.7105954954624176,
        0.6770180311203003,
        0.7118917737007141,
        0.7277967746257782,
        0.6985223932266236,
        0.7182041687965393,
        0.7168979110717774,
        0.6861672196388244,
        0.6817125527858734,
        0.7025096447467803,
        0.666236747264862,
        0.6817774407863617,
        0.6009030776023865,
        0.5796918859481811,
        0.5502583103179932,
        0.5446453911066055,
        0.5410872052907943,
        0.5548270456790924,
        0.5660436477661133,
        0.6404854438900948,
        0.5363089300394058,
        0.5960042941570282,
        0.5443447184562683,
        0.5797503428459168,
        0.6637238148450851,
        0.6433181117773056,
        0.604585739850998,
        0.5880660203695297,
        0.7196078558266162,
        0.6678119416832924,
        0.6950755350887775,
        0.7613030125647783
    ],
    "train_accuracy": [
        0.5328549376277693,
        0.5545913471567441,
        0.5591806082857024,
        0.5602236221786474,
        0.5668571905377779,
        0.5612666360715924,
        0.5621427677416663,
        0.5615169594058993,
        0.5679836455421586,
        0.5619341649630774,
        0.5667737494263424,
        0.5653969710876549,
        0.555467478826818,
        0.5635612666360716,
        0.5638533105260962,
        0.6051566606867204,
        0.6509658308648671,
        0.6857190537777963,
        0.6993199549417998,
        0.719095498352038,
        0.7310692978430473,
        0.7424590095540072,
        0.7508865618090033,
        0.7548917351579123,
        0.767616504651842,
        0.76803371020902,
        0.7763361007968627,
        0.7810505235929742,
        0.787642371396387,
        0.7919395886353207,
        0.7974884225457883,
        0.7949851892027202,
        0.7999082147774208,
        0.8006591847803413,
        0.8094622220367975
    ],
    "val_accuracy": [
        0.5755,
        0.57525,
        0.5705,
        0.543,
        0.57425,
        0.552,
        0.54475,
        0.55925,
        0.5495,
        0.5385,
        0.57525,
        0.58375,
        0.54925,
        0.59675,
        0.58375,
        0.67125,
        0.7015,
        0.7175,
        0.7355,
        0.746,
        0.751,
        0.75025,
        0.73175,
        0.76575,
        0.7535,
        0.77475,
        0.77375,
        0.754,
        0.76875,
        0.777,
        0.788,
        0.759,
        0.77075,
        0.766,
        0.75025
    ],
    "val_f1": [
        0.5472,
        0.5518332893695594,
        0.6056014692378329,
        0.2563059397884459,
        0.5875514652458222,
        0.30970724191063176,
        0.24783147459727387,
        0.33396297695504346,
        0.3090490797546012,
        0.6604120676968359,
        0.518833191730388,
        0.5138686131386861,
        0.6571591557330291,
        0.582448873932177,
        0.4592400129912309,
        0.6813666101284226,
        0.6607954545454545,
        0.7123217922606925,
        0.7482151356496907,
        0.7533980582524272,
        0.7474645030425964,
        0.768589298123697,
        0.7628729281767955,
        0.7747054580427988,
        0.766239924134661,
        0.7763713080168776,
        0.7822949242242001,
        0.7806509139545252,
        0.7922748708735684,
        0.7698658410732714,
        0.7834525025536262,
        0.7878521126760564,
        0.7548783747661053,
        0.7897574123989218,
        0.7806805708013173
    ],
    "val_auc": [
        0.6069927500000001,
        0.607930375,
        0.60155925,
        0.624495625,
        0.6118022500000001,
        0.6201544999999999,
        0.616617,
        0.6228755000000001,
        0.61687725,
        0.61073925,
        0.609094375,
        0.616357,
        0.6151138749999999,
        0.6320465,
        0.62881625,
        0.73959575,
        0.7795099999999999,
        0.8004370000000001,
        0.8155744999999999,
        0.8239317500000001,
        0.8265352499999999,
        0.8379638749999999,
        0.83224375,
        0.8501295,
        0.83836175,
        0.85630275,
        0.851170125,
        0.8514332499999999,
        0.85844225,
        0.8588625,
        0.8639729999999999,
        0.862449,
        0.8583864999999999,
        0.8616248750000001,
        0.856589
    ],
    "best_accuracy": 0.788,
    "best_epoch": 31,
    "MODEL_SAVED_PATH": "/Users/mac/Desktop/Code/Personal_Project/VNUK/deep_fake_detection/model_checkpoints/Resnet18_(data_augment)_finetuned_image_classification.pth"
}