{
    "model_name": "Resnet18",
    "train_losses": [
        0.6829696553729941,
        0.6629138445122091,
        0.6594642307140725,
        0.6577011987276621,
        0.6560592042389698,
        0.6562225571501921,
        0.6529400791750468,
        0.6564946386417134,
        0.6514484904188304,
        0.650397576902411,
        0.4866495919747826,
        0.25667061305244027,
        0.15594476685465697,
        0.10232353007966503,
        0.08711040988853574,
        0.06438156990727996,
        0.05531146993290284,
        0.04433317758274124,
        0.03981862299553337,
        0.035860048253564
    ],
    "val_losses": [
        0.6773197927474975,
        0.6547684226036071,
        0.6709783759117126,
        0.6635728306770324,
        0.6600315878391266,
        0.6654510478973389,
        0.7058278388977051,
        0.6996473417282104,
        0.6610829796791077,
        0.6612379302978516,
        0.5184954352378845,
        0.7772150626182556,
        0.6721780471801758,
        0.7797463554739952,
        0.7157677977085114,
        0.8493297316431999,
        1.0806942125558854,
        0.8771735166311264,
        0.9278567333221436,
        0.988091778844595
    ],
    "train_accuracy": [
        0.5797488422545788,
        0.6079519379198131,
        0.6111644207100838,
        0.6150444323918395,
        0.6179648712920857,
        0.6180065918478034,
        0.6192582085193374,
        0.6176311068463431,
        0.6248070424298051,
        0.6274354374400267,
        0.7635278901914974,
        0.8922775251366348,
        0.9374608869790145,
        0.9609078392924194,
        0.9677917309858567,
        0.976386165463724,
        0.9793483249196879,
        0.9834786599357503,
        0.9856064082773582,
        0.9868997455046101
    ],
    "val_accuracy": [
        0.5885,
        0.61125,
        0.599,
        0.60275,
        0.6115,
        0.6105,
        0.58625,
        0.5835,
        0.60875,
        0.60975,
        0.77875,
        0.757,
        0.8005,
        0.804,
        0.8065,
        0.8115,
        0.79125,
        0.8195,
        0.823,
        0.82425
    ],
    "val_f1": [
        0.4617396991497711,
        0.5887331393811162,
        0.5274012964054213,
        0.6379585326953748,
        0.580226904376013,
        0.5618672665916761,
        0.4235458028561477,
        0.44056413700470115,
        0.6105996516546405,
        0.6341692055308179,
        0.7905325443786982,
        0.7903364969801553,
        0.8,
        0.8161350844277674,
        0.8165876777251185,
        0.8191846522781775,
        0.8152246072139854,
        0.8314659197012139,
        0.8273170731707317,
        0.8288288288288288
    ],
    "val_auc": [
        0.6528735,
        0.6581265000000001,
        0.65364925,
        0.653771375,
        0.66170125,
        0.6595030000000001,
        0.6572442500000001,
        0.65465575,
        0.6565142500000001,
        0.656478375,
        0.860933,
        0.8740736250000001,
        0.8779981250000001,
        0.8885396249999999,
        0.8947986250000001,
        0.891967625,
        0.8912519999999999,
        0.9021371250000001,
        0.904204625,
        0.8995807499999999
    ],
    "best_accuracy": 0.82425,
    "best_epoch": 20,
    "MODEL_SAVED_PATH": "/Users/mac/Desktop/Code/Personal_Project/VNUK/deep_fake_detection/model_checkpoints/Resnet18_finetuned_image_classification.pth"
}