{
    "model_name": "Resnet18",
    "model_saved_path": "",
    "weight_decay": 0.01,
    "label_smoothing": 0.1,
    "train_losses": [
        0.7028920266117636,
        0.6900154508355748,
        0.6892489900637425,
        0.6860816530860927,
        0.6885747148747425,
        0.6941621410692645,
        0.6883804931269507,
        0.6907885391839874,
        0.6862973665593036,
        0.688659619793848,
        0.6125073898270086,
        0.49656312850771317,
        0.4227748204908622,
        0.3860311656103062,
        0.35654631584088253,
        0.33842615603070336,
        0.32323439865970405,
        0.3117532241076687,
        0.3016998817383564,
        0.29217540070281656,
        0.28469802088375695,
        0.2802973257136041,
        0.2709565429599041,
        0.2713533651519501,
        0.26618305042672435,
        0.2623280182426094,
        0.25905999845999994,
        0.2544666330862912,
        0.2519012957582533,
        0.2505817320593108
    ],
    "val_losses": [
        0.672443165795115,
        0.6823018807692816,
        0.6796675566058831,
        0.6670287711508323,
        0.6667537766014969,
        0.6729079347328851,
        0.6700896517542385,
        0.6635602245394816,
        0.6851605272133079,
        0.6729204480280012,
        0.5421406793114323,
        0.4916723434957082,
        0.4601574645346443,
        0.457097694837807,
        0.4375960836074496,
        0.43718702353087047,
        0.43401556691067333,
        0.4142554981196487,
        0.4194732580408954,
        0.4416729399421871,
        0.43262261052259665,
        0.4215558726115515,
        0.4239853185095243,
        0.40198897723383553,
        0.44424653593325775,
        0.40731080754491306,
        0.39971802822695485,
        0.40485581149590893,
        0.3848139212035493,
        0.43334375653890955
    ],
    "train_accuracy": [
        0.5652630072964853,
        0.5772330583241928,
        0.5764700271829845,
        0.5764700271829845,
        0.579951356764748,
        0.5731317659401974,
        0.5757546854881015,
        0.5737040392961038,
        0.5827173446516286,
        0.5785683628213076,
        0.6783346845343126,
        0.7950784491392054,
        0.8566932137917879,
        0.8864991177452429,
        0.9062425485240116,
        0.921360103009204,
        0.9308979922743097,
        0.9407220182173684,
        0.9486384663074062,
        0.9539319948495398,
        0.9578425294482331,
        0.9602270017645095,
        0.9664266297868281,
        0.9639467785779007,
        0.9680480709618962,
        0.9705279221708236,
        0.9708140588487768,
        0.9733892889503553,
        0.9741523200915637,
        0.9746769040011446
    ],
    "val_accuracy": [
        0.5909395973154362,
        0.5667785234899329,
        0.5781879194630872,
        0.6114093959731544,
        0.5966442953020135,
        0.5942953020134228,
        0.5949664429530201,
        0.6090604026845637,
        0.5738255033557047,
        0.6030201342281879,
        0.7580536912751678,
        0.7956375838926174,
        0.8308724832214766,
        0.8385906040268456,
        0.8624161073825504,
        0.8708053691275168,
        0.8640939597315436,
        0.8758389261744967,
        0.8714765100671141,
        0.8684563758389262,
        0.87248322147651,
        0.87248322147651,
        0.8758389261744967,
        0.8865771812080537,
        0.8563758389261745,
        0.8838926174496644,
        0.8865771812080537,
        0.8838926174496644,
        0.8932885906040269,
        0.8617449664429531
    ],
    "val_f1": [
        0.6563292923597406,
        0.6688894588355989,
        0.6575864886951784,
        0.6512048192771084,
        0.5840830449826989,
        0.49094736842105263,
        0.6436374372601122,
        0.6151304922365378,
        0.6721734641197729,
        0.5402254178002331,
        0.7647634584013051,
        0.8054934525710635,
        0.8351863963374755,
        0.8487896887771141,
        0.8643282594308405,
        0.8735632183908046,
        0.8660271253721469,
        0.874830852503383,
        0.8746317512274959,
        0.8656614119259767,
        0.8755730189914865,
        0.8777348777348777,
        0.8779683377308707,
        0.8872581721147431,
        0.868952847519902,
        0.8858839050131926,
        0.8883751651254954,
        0.8886743886743886,
        0.8943521594684385,
        0.8718905472636815
    ],
    "val_auc": [
        0.6462010720237826,
        0.6476052880500878,
        0.6378645106076303,
        0.652851448132967,
        0.6435448853655241,
        0.6407526687987029,
        0.6434599792802127,
        0.653237691995856,
        0.639197333453448,
        0.6370399981982793,
        0.8378852303950273,
        0.8896265933966938,
        0.9155267780730597,
        0.927482095401108,
        0.9334318273951624,
        0.9384036755101123,
        0.9378009999549571,
        0.9457866762758433,
        0.9436412774199361,
        0.9385126796090266,
        0.941881671996757,
        0.9480374757893789,
        0.9474744380883744,
        0.9505220485563713,
        0.9482352146299715,
        0.948715823611549,
        0.9507950092338184,
        0.9512526462771947,
        0.9571654429980632,
        0.9513278681140489
    ],
    "best_accuracy": 0.8932885906040269,
    "best_epoch": 29,
    "MODEL_SAVED_PATH": "/Users/mac/Desktop/Code/Personal_Project/VNUK/deep_fake_detection/model_checkpoints/best_Resnet18_deepfake_detection_finetuned.pth"
}