{
    "model_name": "Resnet18",
    "train_losses": [
        0.702043119975554,
        0.68878863844341,
        0.6798524776095853,
        0.681549010679749,
        0.6882123777047606,
        0.683162759345138,
        0.6793388083852169,
        0.678326606466237,
        0.684386273243151,
        0.6819732594549176,
        0.5532424916291682,
        0.3191630409689294,
        0.19231334049232449,
        0.12088014961381237,
        0.07952793009713846,
        0.04901283677967442,
        0.036020903472233766,
        0.026860144978629957,
        0.02298920129360668,
        0.0173635590728057,
        0.017598594902931145,
        0.020521191509025802,
        0.013496294099693816,
        0.012557577667784517,
        0.014585715709884385,
        0.016532390406329946,
        0.014743555293065062,
        0.009174395059867632,
        0.007993851272098423,
        0.009524421003518836
    ],
    "val_losses": [
        0.6644785900243977,
        0.6633166885215964,
        0.666330121267562,
        0.6769956171112572,
        0.663883838877582,
        0.6892271762726291,
        0.6758707608152555,
        0.6612159803409704,
        0.6738190774149543,
        0.6712336217797042,
        0.46703288263122505,
        0.4076491458804015,
        0.39873729011156417,
        0.43931177622519885,
        0.5300529883946323,
        0.48479912366043,
        0.5439515311764741,
        0.5891032080787966,
        0.5746024847730694,
        0.6188612418585213,
        0.68718270785019,
        0.6476038796770943,
        0.6881020796418443,
        0.7047991701101747,
        0.6187723083871624,
        0.6160715275159693,
        0.7087517437937626,
        0.7101018563984118,
        0.9175403704393292,
        0.712331982877343
    ],
    "train_accuracy": [
        0.5616862988220707,
        0.5788544994992608,
        0.5856740903238113,
        0.5855310219848348,
        0.5748962754542419,
        0.5872955314988793,
        0.5884877676570175,
        0.5840526491487433,
        0.5838142019171157,
        0.5853402641995327,
        0.7119557441938099,
        0.8664218608421956,
        0.9251275692689208,
        0.9574610138776288,
        0.9729600839334255,
        0.9851685821927607,
        0.9887929801135009,
        0.9926081358195431,
        0.9933234775144261,
        0.9947541609041919,
        0.99413419810196,
        0.9933234775144261,
        0.9962802231866088,
        0.9958987076160046,
        0.9948972292431685,
        0.99413419810196,
        0.9952310553674472,
        0.9969001859888407,
        0.9974247698984214,
        0.9969478754351662
    ],
    "val_accuracy": [
        0.6040268456375839,
        0.6077181208053691,
        0.5909395973154362,
        0.5832214765100671,
        0.5949664429530201,
        0.5694630872483222,
        0.586241610738255,
        0.5983221476510067,
        0.5832214765100671,
        0.573489932885906,
        0.7751677852348994,
        0.823489932885906,
        0.8406040268456376,
        0.8422818791946308,
        0.8298657718120805,
        0.8463087248322148,
        0.8399328859060403,
        0.8439597315436241,
        0.8476510067114094,
        0.8436241610738255,
        0.8369127516778524,
        0.8419463087248322,
        0.8436241610738255,
        0.8530201342281879,
        0.8560402684563758,
        0.8590604026845637,
        0.8459731543624162,
        0.85,
        0.8298657718120805,
        0.8570469798657718
    ],
    "val_f1": [
        0.5328582739509106,
        0.6336571607646506,
        0.6331628046945531,
        0.6572847682119205,
        0.5763425763425764,
        0.6622795472492762,
        0.472400513478819,
        0.6149887423608877,
        0.4798994974874372,
        0.44180939833113747,
        0.7889098928796471,
        0.8240802675585285,
        0.8445171849427169,
        0.8509828788839569,
        0.8435668003702561,
        0.8502289077828646,
        0.8500471549827099,
        0.8518636508442179,
        0.854673495518566,
        0.8500643500643501,
        0.8461051298290057,
        0.8504287075261988,
        0.8541927409261577,
        0.8587096774193549,
        0.8628078030060761,
        0.8592493297587132,
        0.8534950526651771,
        0.8578696343402226,
        0.8446215139442231,
        0.8615084525357607
    ],
    "val_auc": [
        0.6460492770595918,
        0.6395973154362417,
        0.6357992883203459,
        0.6361546777172199,
        0.6351074275933516,
        0.6318062249448223,
        0.6387818116301067,
        0.6430901761181929,
        0.6344376379442368,
        0.6474363767397865,
        0.8638083870095942,
        0.9031219314445296,
        0.9186104229539209,
        0.9242962028737444,
        0.922521958470339,
        0.9256202423314266,
        0.9277660916174947,
        0.9273397594702941,
        0.9307553713796676,
        0.9283484978154137,
        0.9268670330165307,
        0.929346425836674,
        0.9291797666771767,
        0.929263997117247,
        0.9365681726048376,
        0.9350137381199046,
        0.9302995360569344,
        0.9328115850637357,
        0.9224983108868969,
        0.9355173190396828
    ],
    "best_accuracy": 0.8590604026845637,
    "best_epoch": 26,
    "MODEL_SAVED_PATH": "/Users/mac/Desktop/Code/Personal_Project/VNUK/deep_fake_detection/model_checkpoints/best_Resnet18_deepfake_detection_finetuned.pth"
}