{
    "model_name": "Resnet18",
    "train_losses": [
        0.702043119975554,
        0.68878863844341,
        0.6798524776095853,
        0.681549010679749,
        0.6882123777047606,
        0.683162759345138,
        0.6793388083852169,
        0.678326606466237,
        0.684386273243151,
        0.6819732594549176
    ],
    "val_losses": [
        0.6644785900243977,
        0.6633166885215964,
        0.666330121267562,
        0.6769956171112572,
        0.663883838877582,
        0.6892271762726291,
        0.6758707608152555,
        0.6612159803409704,
        0.6738190774149543,
        0.6712336217797042
    ],
    "train_accuracy": [
        0.5616862988220707,
        0.5788544994992608,
        0.5856740903238113,
        0.5855310219848348,
        0.5748962754542419,
        0.5872955314988793,
        0.5884877676570175,
        0.5840526491487433,
        0.5838142019171157,
        0.5853402641995327
    ],
    "val_accuracy": [
        0.6040268456375839,
        0.6077181208053691,
        0.5909395973154362,
        0.5832214765100671,
        0.5949664429530201,
        0.5694630872483222,
        0.586241610738255,
        0.5983221476510067,
        0.5832214765100671,
        0.573489932885906
    ],
    "val_f1": [
        0.5328582739509106,
        0.6336571607646506,
        0.6331628046945531,
        0.6572847682119205,
        0.5763425763425764,
        0.6622795472492762,
        0.472400513478819,
        0.6149887423608877,
        0.4798994974874372,
        0.44180939833113747
    ],
    "val_auc": [
        0.6460492770595918,
        0.6395973154362417,
        0.6357992883203459,
        0.6361546777172199,
        0.6351074275933516,
        0.6318062249448223,
        0.6387818116301067,
        0.6430901761181929,
        0.6344376379442368,
        0.6474363767397865
    ],
    "best_accuracy": 0.6077181208053691,
    "best_epoch": 2,
    "MODEL_SAVED_PATH": "/Users/mac/Desktop/Code/Personal_Project/VNUK/deep_fake_detection/model_checkpoints/Resnet18_deepfake_detection.pth"
}