{
    "model_name": "efficientnet",
    "train_losses": [
        0.6475904342829198,
        0.6254390065534436,
        0.6261297542006716,
        0.6261153869298867,
        0.6249298137092407,
        0.6275120974905007,
        0.6308424418747134,
        0.6261171210647212,
        0.6243098778223145,
        0.6251781160385131,
        0.6246174153614573,
        0.625660160246448,
        0.6237045125716808,
        0.6241296915388499,
        0.6278028783285353,
        0.4028604244518411,
        0.197216184617004,
        0.12705425624107558,
        0.09493152470153803,
        0.07697398925807102,
        0.06245824363524199,
        0.04941956938072157,
        0.043127884527331795,
        0.04076340577393277,
        0.03594467674090111,
        0.03345572473894718,
        0.027574454334435623,
        0.027605505734669165,
        0.02703904729092722,
        0.020635659490323085
    ],
    "val_losses": [
        0.6407413618564606,
        0.6157580089569091,
        0.6164457654953003,
        0.6112717998027801,
        0.6057224526405335,
        0.6109318408966065,
        0.613110289812088,
        0.60944388961792,
        0.619681791305542,
        0.6237272882461548,
        0.6067883882522583,
        0.6201903282403946,
        0.6104338455200196,
        0.6088135721683502,
        0.6082470457553864,
        0.30814462627470496,
        0.2619712466076016,
        0.24515904238820077,
        0.27263282604375855,
        0.2946125013700221,
        0.2937077355493675,
        0.3512400424971711,
        0.38342054234266104,
        0.38385879112477417,
        0.3360509013106384,
        0.39805315199890173,
        0.3477915397161705,
        0.3713431909210049,
        0.3927078105821856,
        0.38759386664994233
    ],
    "train_accuracy": [
        0.6225541324210438,
        0.648462597521799,
        0.6482122741874922,
        0.6484208769660812,
        0.6526346530935792,
        0.6525094914264258,
        0.6472944219617005,
        0.65205056531353,
        0.6534273436522174,
        0.6512161541991739,
        0.6509241103091493,
        0.6531770203179106,
        0.6535942258750886,
        0.6542617547665734,
        0.6487546414118236,
        0.8107138387083316,
        0.9202720180232801,
        0.9506863031415579,
        0.9627852642997204,
        0.9711710959989988,
        0.976177562685135,
        0.981434352705578,
        0.9843130710501063,
        0.9851057616087446,
        0.9868580249488923,
        0.9875672743960949,
        0.9906963160749301,
        0.9899870666277275,
        0.9904042721849055,
        0.9927823438608202
    ],
    "val_accuracy": [
        0.6365,
        0.6595,
        0.66225,
        0.6665,
        0.6695,
        0.66475,
        0.6645,
        0.66525,
        0.66175,
        0.655,
        0.67375,
        0.6635,
        0.67325,
        0.67675,
        0.665,
        0.874,
        0.902,
        0.90925,
        0.9165,
        0.91925,
        0.919,
        0.912,
        0.90625,
        0.91875,
        0.93275,
        0.93,
        0.92125,
        0.926,
        0.92425,
        0.9235
    ],
    "val_f1": [
        0.7019270192701927,
        0.5984669811320755,
        0.6114466494104113,
        0.6168868466398622,
        0.6924150767798977,
        0.6479390916250984,
        0.621331828442438,
        0.6475388260068439,
        0.5967213114754099,
        0.5995356935577482,
        0.6595356117923298,
        0.6078088578088578,
        0.6691976714755759,
        0.688958383449603,
        0.6316657504123144,
        0.8682008368200836,
        0.9017051153460381,
        0.9107450208999263,
        0.9194015444015444,
        0.9193105171121658,
        0.9174311926605505,
        0.9140625,
        0.9089584850691915,
        0.9202845229335296,
        0.9328339575530586,
        0.9285349668198061,
        0.9230769230769231,
        0.9270576638738295,
        0.9255345293683952,
        0.9258720930232558
    ],
    "val_auc": [
        0.7256817500000001,
        0.73968375,
        0.73406725,
        0.741042125,
        0.73795475,
        0.72822575,
        0.7357168749999999,
        0.7317317500000001,
        0.7373447499999999,
        0.7281709999999999,
        0.7324435,
        0.7358574999999998,
        0.72928825,
        0.7350747499999999,
        0.73811225,
        0.9492755,
        0.96380775,
        0.9717307499999999,
        0.9738286250000001,
        0.9714765,
        0.9735914999999999,
        0.9727892499999999,
        0.9710549999999999,
        0.9752664999999999,
        0.9793391250000001,
        0.9779475,
        0.9787175,
        0.976864875,
        0.977901,
        0.9800765
    ],
    "EPOCHS": 30,
    "best_accuracy": 0.93275,
    "best_epoch": 25,
    "MODEL_SAVED_PATH": "../results/best_efficientnet_finetuned.pth"
}