{
    "model_name": "efficientnet",
    "train_losses": [
        0.6820906232477523,
        0.6739682993262595,
        0.6766847005609209,
        0.6733669141534622,
        0.6749796207365233,
        0.670835518512207,
        0.6759296659758026,
        0.6772738392856672,
        0.6762845004533438,
        0.6723659141221151,
        0.5474501842799734,
        0.4163064653531567,
        0.3545518729836837,
        0.31331261494360724,
        0.2803853580285145,
        0.25567046848663005,
        0.2319655972341954,
        0.21493757040587974,
        0.19775009307461858,
        0.18798684912711858,
        0.17346152364946565,
        0.16681971064551493,
        0.1614016589773398,
        0.1459259701126274,
        0.14118094499032893,
        0.1332996272788119,
        0.12366203739266207,
        0.12066519285118461,
        0.11374080232472984,
        0.11041617419884169
    ],
    "val_losses": [
        0.6408800654411316,
        0.6353790068626404,
        0.6559277176856995,
        0.6742263318300247,
        0.6417366940975189,
        0.6305740649700164,
        0.6685617797374726,
        0.6336122279167176,
        0.6511667745113373,
        0.6380582249164581,
        0.3559919812083244,
        0.37494343176297845,
        0.42682609328627585,
        0.3513262906819582,
        0.35767750449851154,
        0.28745689801312985,
        0.26240039507858454,
        0.2688615806209855,
        0.30417834137077443,
        0.32873595600109545,
        0.25669137436454187,
        0.3826897086183308,
        0.2701583199307788,
        0.2638631512492429,
        0.2732263794033788,
        0.35954540881887076,
        0.3035103127831244,
        0.27461260613807825,
        0.38052707799112434,
        0.3054504663418047
    ],
    "train_accuracy": [
        0.5726980683382703,
        0.5860903667236848,
        0.5850890733864575,
        0.5907630689640786,
        0.5907630689640786,
        0.5993575034419458,
        0.5875505861738078,
        0.5860069256122492,
        0.588551879511035,
        0.5956443739830615,
        0.7109599899870667,
        0.8007009053360591,
        0.8356627310275773,
        0.8616963577954858,
        0.8748383328465935,
        0.8861446034461179,
        0.9007467979473487,
        0.9088405857566023,
        0.9169760941215737,
        0.9193958863532062,
        0.9263632191580792,
        0.9312862447327799,
        0.9309942008427552,
        0.9400892819892361,
        0.9413826192164879,
        0.9454712336768326,
        0.9507280236972756,
        0.9503942592515332,
        0.954232550377571,
        0.9561934164963077
    ],
    "val_accuracy": [
        0.624,
        0.63975,
        0.62125,
        0.59325,
        0.631,
        0.6465,
        0.5995,
        0.6425,
        0.621,
        0.6435,
        0.839,
        0.853,
        0.846,
        0.86475,
        0.869,
        0.9,
        0.9135,
        0.9115,
        0.91125,
        0.9115,
        0.9275,
        0.88425,
        0.91975,
        0.91325,
        0.91825,
        0.9075,
        0.9145,
        0.92775,
        0.917,
        0.918
    ],
    "val_f1": [
        0.6135662898252826,
        0.6112759643916914,
        0.501152453078696,
        0.4098657961552412,
        0.6427879961277831,
        0.6019144144144144,
        0.46169354838709675,
        0.6477832512315271,
        0.6757912745936698,
        0.6675990675990676,
        0.8381096028154852,
        0.8377483443708609,
        0.8227848101265823,
        0.8486713286713287,
        0.8802011888431641,
        0.8954521693674856,
        0.9129778672032193,
        0.9124629080118695,
        0.9081975691750711,
        0.908004158004158,
        0.9273547094188377,
        0.8928984501503585,
        0.9206035122433837,
        0.9159195541555609,
        0.9167727157037414,
        0.9112709832134293,
        0.9169902912621359,
        0.9281987577639752,
        0.9139450492483152,
        0.9200779727095516
    ],
    "val_auc": [
        0.6848332499999998,
        0.697230125,
        0.693343125,
        0.6914655000000001,
        0.680505,
        0.70752875,
        0.684314625,
        0.695503125,
        0.6861492499999999,
        0.6942751249999999,
        0.921699,
        0.944315,
        0.9527786250000001,
        0.9615017499999999,
        0.9680155,
        0.96518425,
        0.96926675,
        0.9711292499999999,
        0.97044725,
        0.970444,
        0.97640675,
        0.9742755,
        0.976214,
        0.9784722499999999,
        0.9747845,
        0.97368475,
        0.9768863749999999,
        0.9763543750000001,
        0.972135375,
        0.9770631250000001
    ],
    "EPOCHS": 30,
    "best_accuracy": 0.92775,
    "best_epoch": 28,
    "MODEL_SAVED_PATH": "../results/best_efficientnet_finetuned.pth"
}