{
    "model_name": "Resnet18",
    "train_losses": [
        0.6829696553729941,
        0.6629138445122091,
        0.6594642307140725,
        0.6577011987276621,
        0.6560592042389698,
        0.6562225571501921,
        0.6529400791750468,
        0.6564946386417134,
        0.6514484904188304,
        0.650397576902411
    ],
    "val_losses": [
        0.6773197927474975,
        0.6547684226036071,
        0.6709783759117126,
        0.6635728306770324,
        0.6600315878391266,
        0.6654510478973389,
        0.7058278388977051,
        0.6996473417282104,
        0.6610829796791077,
        0.6612379302978516
    ],
    "train_accuracy": [
        0.5797488422545788,
        0.6079519379198131,
        0.6111644207100838,
        0.6150444323918395,
        0.6179648712920857,
        0.6180065918478034,
        0.6192582085193374,
        0.6176311068463431,
        0.6248070424298051,
        0.6274354374400267
    ],
    "val_accuracy": [
        0.5885,
        0.61125,
        0.599,
        0.60275,
        0.6115,
        0.6105,
        0.58625,
        0.5835,
        0.60875,
        0.60975
    ],
    "val_f1": [
        0.4617396991497711,
        0.5887331393811162,
        0.5274012964054213,
        0.6379585326953748,
        0.580226904376013,
        0.5618672665916761,
        0.4235458028561477,
        0.44056413700470115,
        0.6105996516546405,
        0.6341692055308179
    ],
    "val_auc": [
        0.6528735,
        0.6581265000000001,
        0.65364925,
        0.653771375,
        0.66170125,
        0.6595030000000001,
        0.6572442500000001,
        0.65465575,
        0.6565142500000001,
        0.656478375
    ],
    "best_accuracy": 0.6115,
    "best_epoch": 5,
    "MODEL_SAVED_PATH": "/Users/mac/Desktop/Code/Personal_Project/VNUK/deep_fake_detection/model_checkpoints/resnet18_image_classification.pth"
}