{
    "model_name": "simpleCNN",
    "train_losses": [
        0.6863822375978554,
        0.6591236759293457,
        0.6456824285803303,
        0.63177847920954,
        0.6201461562103123,
        0.6034440667389998,
        0.5862388548217541,
        0.5667017880837912,
        0.5487349661058347,
        0.529560615901126,
        0.5078248171584717,
        0.48293460725574183,
        0.46756931067557805,
        0.44776680684942627,
        0.4332740451768958,
        0.415751110741065,
        0.39926292374651706,
        0.3847975474239674,
        0.3749400254018346,
        0.36449358853599595,
        0.3522946900360212,
        0.34285467400798125,
        0.34501903826924074,
        0.32129877680502533,
        0.31046293453647217,
        0.3093868957672294,
        0.2968064040334777,
        0.4090188392937868,
        0.28985261702187165,
        0.27999824366361187
    ],
    "val_losses": [
        0.6641004071235657,
        0.6385770525932312,
        0.6315962400436401,
        0.6296907351016998,
        0.621413841843605,
        0.5996186590194702,
        0.5960283370018006,
        0.6327786327004433,
        0.6391200514435769,
        0.5870257763266563,
        0.5843011419177055,
        0.6278231796622277,
        0.5751815458536148,
        0.6402861925363541,
        0.6585341175496578,
        0.5951655240654945,
        0.6321199361979961,
        0.6676126794815064,
        0.6814841742962598,
        0.6558709850013256,
        0.6621754670739174,
        0.7779739700853825,
        0.6517959343194961,
        0.7525055665075779,
        0.7205379929244519,
        0.7975196502804757,
        0.9078014250993729,
        0.771866737306118,
        0.814252781033516,
        0.8047280661463737
    ],
    "train_accuracy": [
        0.5622679294088198,
        0.6023613834536276,
        0.6188827235178772,
        0.6317743752346782,
        0.6431640869456381,
        0.6575576786682799,
        0.6729108431724311,
        0.685802494889232,
        0.7038674955150402,
        0.7206808794693146,
        0.7360340439734657,
        0.7551420584922192,
        0.7637782135258042,
        0.7780466435812925,
        0.7866410780591597,
        0.7951103508698736,
        0.8059994159122199,
        0.8161375109516459,
        0.8211439776377821,
        0.8274855021068881,
        0.833827026575994,
        0.8402937127122533,
        0.8369143476991113,
        0.849013308857274,
        0.8533105260962076,
        0.8568567733322208,
        0.8650757228086278,
        0.8009095081146481,
        0.8667028244816221,
        0.8701656306061997
    ],
    "val_accuracy": [
        0.61925,
        0.62275,
        0.63825,
        0.6435,
        0.6545,
        0.66825,
        0.6735,
        0.6735,
        0.67675,
        0.6965,
        0.705,
        0.70625,
        0.70475,
        0.70275,
        0.71525,
        0.72625,
        0.7175,
        0.7135,
        0.724,
        0.7235,
        0.7305,
        0.70275,
        0.73375,
        0.71875,
        0.7265,
        0.71325,
        0.695,
        0.72925,
        0.716,
        0.73
    ],
    "val_f1": [
        0.6544134331744951,
        0.5689802913453299,
        0.6088131927547986,
        0.6503187837175086,
        0.6859090909090909,
        0.655235126006755,
        0.6668367346938775,
        0.6522896698615549,
        0.6996515679442509,
        0.668848881614839,
        0.6979006656426011,
        0.7125030584781012,
        0.7134190730405241,
        0.7176442650201852,
        0.7214477867449254,
        0.7163947163947164,
        0.7257281553398058,
        0.7298444130127298,
        0.7279448003942829,
        0.7470265324794144,
        0.7416107382550335,
        0.7405629500327296,
        0.7301748163161895,
        0.7422680412371134,
        0.7429511278195489,
        0.7375886524822695,
        0.7402044293015332,
        0.7377088883506903,
        0.7404021937842779,
        0.7443181818181818
    ],
    "val_auc": [
        0.67341575,
        0.6898713750000001,
        0.7051702499999999,
        0.704502125,
        0.7212391249999999,
        0.735365,
        0.7439534999999999,
        0.742443,
        0.75402975,
        0.774065,
        0.773391,
        0.7801975000000001,
        0.7839655,
        0.7860750000000001,
        0.79208525,
        0.8019987500000001,
        0.7978489999999999,
        0.80042675,
        0.798001375,
        0.8157942499999999,
        0.81561,
        0.806986375,
        0.812989375,
        0.813899625,
        0.8133315000000001,
        0.8074226250000001,
        0.8019540000000001,
        0.8075935,
        0.8081410000000001,
        0.8144197499999999
    ],
    "EPOCHS": 30,
    "best_accuracy": 0.73375,
    "best_epoch": 23,
    "MODEL_SAVED_PATH": "../results/best_simpleCNN.pth"
}