{
    "model_name": "simpleCNN",
    "train_losses": [
        0.6859456499127503,
        0.6602750360515629,
        0.6441103290746117,
        0.6309005599656229,
        0.6193923789576846,
        0.6027096130647506,
        0.5887088176492328,
        0.5702340012709446,
        0.5545879220319951,
        0.5499299276660403,
        0.5197525091058665,
        0.4988690112117951,
        0.482043445843909,
        0.46417615380865684,
        0.4472453155583545,
        0.4290268732242374,
        0.41671795563831304,
        0.4039532800551136,
        0.38990896522544183,
        0.3766076176223431,
        0.36851469196130976,
        0.3527087678081315,
        0.33799579278866354,
        0.33420902663568536,
        0.31879519119425426,
        0.323482133311618,
        0.30653419167970886,
        0.4159627770784725,
        0.29417666198159326,
        0.2821764205581857
    ],
    "val_losses": [
        0.6620260667800903,
        0.6366756572723389,
        0.6367876870632172,
        0.6313768498897553,
        0.6485871117115021,
        0.6305043598413468,
        0.6031173051595687,
        0.6194445984363556,
        0.6114900219738484,
        0.603014059305191,
        0.5982654471993446,
        0.6070884905457496,
        0.6359377537369728,
        0.665075411260128,
        0.6571829859018326,
        0.6582906615138054,
        0.666010320007801,
        0.6846658697128296,
        0.7261909731030464,
        0.8175894978046417,
        0.7306949768364429,
        0.7614578023552895,
        0.7072538673877716,
        0.8725829848051071,
        0.9417965906560422,
        0.9128268389105797,
        0.8760161902308464,
        0.9013101965785026,
        0.8865533995628357,
        0.9308184711635112
    ],
    "train_accuracy": [
        0.5621010471859486,
        0.6025699862322166,
        0.6233885435353999,
        0.6383662230380909,
        0.6481288330760566,
        0.6631482331344654,
        0.6698652426050316,
        0.6867620676707413,
        0.6997788810546957,
        0.7023238349534816,
        0.7253118611539906,
        0.7393716884308899,
        0.751387208477617,
        0.7651549918644917,
        0.7765864241311694,
        0.7857232258333681,
        0.7963202469856898,
        0.8024531686762068,
        0.8115065292669699,
        0.8208519337477576,
        0.8220618298635738,
        0.8304893821185698,
        0.8379990821477742,
        0.8425466227210147,
        0.8509324544202929,
        0.8465935166256414,
        0.8566898911093496,
        0.7951520714255914,
        0.8624890483541241,
        0.8696232633818682
    ],
    "val_accuracy": [
        0.62075,
        0.625,
        0.6265,
        0.65025,
        0.64625,
        0.65725,
        0.66775,
        0.66975,
        0.67475,
        0.6905,
        0.68175,
        0.70475,
        0.6955,
        0.705,
        0.70525,
        0.7055,
        0.71175,
        0.70375,
        0.7035,
        0.704,
        0.71075,
        0.7015,
        0.71475,
        0.697,
        0.694,
        0.7035,
        0.71225,
        0.70825,
        0.71675,
        0.7105
    ],
    "val_f1": [
        0.668415300546448,
        0.608355091383812,
        0.5935799782372143,
        0.6661894535910284,
        0.690168600832056,
        0.6828591256072172,
        0.6601892099207364,
        0.6286196232780433,
        0.6707162743609213,
        0.6833759590792838,
        0.6745077985170034,
        0.7125821367729375,
        0.707492795389049,
        0.7171620325982742,
        0.6968372332219079,
        0.7121212121212122,
        0.7005972474681901,
        0.6997719787180137,
        0.6898535564853556,
        0.7347670250896058,
        0.7108222944263934,
        0.69587366276108,
        0.7112123513034675,
        0.7199630314232902,
        0.7354085603112841,
        0.713941148094549,
        0.7333796618021774,
        0.7315389924085576,
        0.7196238554813165,
        0.7140740740740741
    ],
    "val_auc": [
        0.664671875,
        0.6847293750000001,
        0.693685375,
        0.7024913749999999,
        0.7043174999999999,
        0.7257342499999999,
        0.73669725,
        0.7440543749999999,
        0.7465652500000001,
        0.7648485,
        0.7577357499999999,
        0.7787184999999999,
        0.768899375,
        0.77707725,
        0.779780375,
        0.7777675,
        0.78570325,
        0.7788976249999999,
        0.776005,
        0.788403375,
        0.7886187499999999,
        0.780926625,
        0.7896952500000001,
        0.7781255,
        0.7876373750000001,
        0.7844275,
        0.782001625,
        0.78507,
        0.7890988750000001,
        0.7870486250000001
    ],
    "EPOCHS": 30,
    "best_accuracy": 0.71675,
    "best_epoch": 29,
    "MODEL_SAVED_PATH": "../results/best_simpleCNN.pth"
}