{
    "model_name": "simpleCNN",
    "EPOCHS": 30,
    "model_saved_path": "../model_checkpoints/simple-cnn/best_simpleCNN_no_aug.pth",
    "train_losses": [
        0.68789006978795,
        0.659270084954859,
        0.6417963979917225,
        0.6295309477373393,
        0.6120542033535369,
        0.5957469126459491,
        0.5770640246766598,
        0.5641002015520833,
        0.543315964079624,
        0.5241226839077786,
        0.5135405856917541,
        0.49552148487458864,
        0.47565785232739327,
        0.46199536372722827,
        0.44320135048015746,
        0.4270650286580469,
        0.41642734600461384,
        0.4001700585307672,
        0.3877338685912177,
        0.37658812088103155,
        0.35862282880289803,
        0.3455729352409699,
        0.3402000327419897,
        0.32721455609333966,
        0.3178934169892072,
        0.30619894959218363,
        0.29612404450428115,
        0.28419102738528834,
        0.28138086564063947,
        0.2737072947750822
    ],
    "valid_losses": [
        0.6491553025757706,
        0.6394764797799539,
        0.6418711401472156,
        0.6287333181240414,
        0.6062085180474608,
        0.612071182743815,
        0.6078793128064814,
        0.600904159257876,
        0.6202123768377624,
        0.6147508027169528,
        0.6206059459071831,
        0.6228116203474519,
        0.6463462631974445,
        0.601662724930168,
        0.6740462477575212,
        0.6842769802016699,
        0.6953104977639729,
        0.6998438063083879,
        0.7436247023960088,
        0.8477239507156731,
        0.7958403886564626,
        0.6976561391113588,
        0.8564757326305312,
        0.9852777123051202,
        0.8397810719157225,
        0.8550789604251017,
        1.0044553224272377,
        0.963604349257962,
        1.0893164881923856,
        0.843214815094967
    ],
    "train_accuracy": [
        0.5602079259859793,
        0.6032238065716057,
        0.6249701940960466,
        0.6322666793838524,
        0.6501025323095999,
        0.6674138013257666,
        0.6800038151557061,
        0.6933568601268539,
        0.7083790357193953,
        0.7235919690972388,
        0.7307930754923936,
        0.7416185798082884,
        0.7567361342934809,
        0.7665124707902141,
        0.7771949067671324,
        0.7869235538175402,
        0.7964614430826458,
        0.8073346368448663,
        0.8125327864943488,
        0.8191616195335972,
        0.8283656826744241,
        0.8362821307644618,
        0.8387619819733892,
        0.8447708522104058,
        0.8512089274643522,
        0.8573608660403452,
        0.8616052267633173,
        0.8688540226047976,
        0.8711908054747485,
        0.8740998617006056
    ],
    "valid_accuracy": [
        0.610738255033557,
        0.6281879194630873,
        0.6359060402684564,
        0.6463087248322148,
        0.6567114093959732,
        0.65,
        0.6661073825503355,
        0.6778523489932886,
        0.6798657718120805,
        0.6791946308724832,
        0.6768456375838926,
        0.6808724832214765,
        0.6976510067114094,
        0.6855704697986578,
        0.6815436241610738,
        0.697986577181208,
        0.6929530201342282,
        0.6916107382550336,
        0.6889261744966443,
        0.6708053691275168,
        0.7013422818791947,
        0.7083892617449664,
        0.6885906040268457,
        0.6902684563758389,
        0.7003355704697987,
        0.709731543624161,
        0.6825503355704698,
        0.6902684563758389,
        0.689261744966443,
        0.713758389261745
    ],
    "valid_f1": [
        0.6365914786967418,
        0.6565406075635462,
        0.5822102425876011,
        0.6081784386617101,
        0.6305525460455038,
        0.5833000399520575,
        0.6447697250981792,
        0.6827495042961005,
        0.6490066225165563,
        0.6904145077720207,
        0.6424062383958411,
        0.654056020371044,
        0.6792452830188679,
        0.6809669731018045,
        0.6889544411668306,
        0.7122762148337596,
        0.6673936750272628,
        0.7003586566677535,
        0.7067383739322999,
        0.7115554248750368,
        0.6877192982456141,
        0.703311710481393,
        0.7139334155363748,
        0.7186833282535813,
        0.7225846536191364,
        0.7080661491731354,
        0.7207792207792207,
        0.7114723351047202,
        0.7168195718654434,
        0.7111412123264477
    ],
    "valid_auc": [
        0.666677176703752,
        0.6876428989685148,
        0.6932439980181073,
        0.7090108553668755,
        0.7261562542227827,
        0.7254056123598037,
        0.7314771857123553,
        0.7456456916355119,
        0.7528106842034143,
        0.7535462366560065,
        0.7491518400072068,
        0.7619827935678573,
        0.7678906355569568,
        0.7608053691275167,
        0.7587950993198505,
        0.7724879509931984,
        0.7700698166749245,
        0.7688748254583128,
        0.7675967298770325,
        0.7564870951758929,
        0.7731059411738209,
        0.7788714472321067,
        0.772853700283771,
        0.7689491464348452,
        0.7756655105625874,
        0.7770233322823297,
        0.7728973920093689,
        0.7707796946083508,
        0.7771492275122742,
        0.7868672582316112
    ],
    "best_accuracy": 0.713758389261745,
    "best_epoch": 30
}