{
    "model_name": "simpleCNN",
    "EPOCHS": 30,
    "model_saved_path": "../model_checkpoints/simple-cnn/best_simpleCNN_with_aug.pth",
    "weight_decay": 0.01,
    "label_smoothing": 0.1,
    "train_losses": [
        0.6944192417349345,
        0.6758487025944083,
        0.6705132169985931,
        0.6656120293692654,
        0.6647463850415858,
        0.6632740386105771,
        0.6596720346173558,
        0.6600343194197299,
        0.6577126913313088,
        0.6572196820762469,
        0.6570190131519308,
        0.6586299425451942,
        0.6576585433412516,
        0.657560816959646,
        0.6577878715887483,
        0.6552102778754844,
        0.6551467149353964,
        0.65432360473976,
        0.6542819842196619,
        0.6551402276595483,
        0.655035672303666,
        0.6558899454329395,
        0.6550900891612963,
        0.6550179588430298,
        0.6558942619814735,
        0.6548319674907161,
        0.6547934250620349,
        0.653718395035088,
        0.6548852733921281,
        0.6555228025791352,
        0.6537258656582406,
        0.6518749473625808,
        0.6531912049991822
    ],
    "valid_losses": [
        0.6722001728595504,
        0.6724838493654391,
        0.662452029941866,
        0.6769387277180716,
        0.6548255323963678,
        0.6578196203148605,
        0.6569812000197852,
        0.6505940930555331,
        0.6779394275390062,
        0.6504586266991276,
        0.6569133330511566,
        0.65538858243283,
        0.6520588373577835,
        0.6545714869195183,
        0.6534302632280644,
        0.6538822870926569,
        0.6565690375814501,
        0.6539279669323224,
        0.6550436771956066,
        0.6480865953752658,
        0.6519339342245319,
        0.6503680553212262,
        0.6503172201998282,
        0.6536390652192519,
        0.651113020093649,
        0.6530163747752273,
        0.6665743012556293,
        0.6629411530574696,
        0.6520335167046362,
        0.6534249027303402,
        0.6607163201242485,
        0.6504566115020906,
        0.6643629920562641
    ],
    "train_accuracy": [
        0.5441365825742763,
        0.5893938671372025,
        0.6031761171252802,
        0.6158138204015451,
        0.6171014354523344,
        0.6182459821641471,
        0.6227287901187467,
        0.6204396966951213,
        0.62482712575707,
        0.6274023558586485,
        0.624111784062187,
        0.6241594735085125,
        0.6284992131241356,
        0.6264485669321379,
        0.6269254613953932,
        0.6266870141637656,
        0.6282130764461824,
        0.6267347036100911,
        0.6311221326720396,
        0.6256855357909294,
        0.6298822070675759,
        0.6293099337116697,
        0.6293576231579951,
        0.6274023558586485,
        0.6273069769659975,
        0.6295006914969717,
        0.6264008774858124,
        0.6269731508417187,
        0.6289284181410654,
        0.629977585960227,
        0.6310744432257142,
        0.6308359959940865,
        0.6286899709094378
    ],
    "valid_accuracy": [
        0.5926174496644295,
        0.5848993288590604,
        0.6285234899328859,
        0.5815436241610739,
        0.6305369127516779,
        0.6248322147651006,
        0.6251677852348994,
        0.6251677852348994,
        0.5704697986577181,
        0.6288590604026846,
        0.6201342281879194,
        0.6338926174496644,
        0.6422818791946309,
        0.6248322147651006,
        0.6285234899328859,
        0.6332214765100671,
        0.6167785234899329,
        0.6325503355704698,
        0.6355704697986577,
        0.6312080536912752,
        0.6241610738255033,
        0.6365771812080537,
        0.6342281879194631,
        0.6218120805369127,
        0.636241610738255,
        0.6355704697986577,
        0.6030201342281879,
        0.6261744966442953,
        0.6315436241610738,
        0.6251677852348994,
        0.6174496644295302,
        0.6295302013422819,
        0.6154362416107383
    ],
    "valid_f1": [
        0.5398028809704322,
        0.6436185537309133,
        0.6233412725416808,
        0.6877034810919108,
        0.6026705160591844,
        0.6215301286391334,
        0.6379254457050243,
        0.6212275347575449,
        0.684106614017769,
        0.6706372840976772,
        0.6832680470061556,
        0.6515490258703289,
        0.6652010050251256,
        0.6646670665866826,
        0.6128016789087093,
        0.6623416743898671,
        0.6881485527034408,
        0.6670720583764062,
        0.6654343807763401,
        0.6278360988824924,
        0.6286472148541115,
        0.6576035409421436,
        0.6378737541528239,
        0.6337341566460839,
        0.6523412443874278,
        0.6265474552957359,
        0.6867884564469156,
        0.5688854489164087,
        0.6512071156289708,
        0.5839851024208567,
        0.6850828729281768,
        0.6255088195386703,
        0.5786764705882353
    ],
    "valid_auc": [
        0.6463708841944056,
        0.6548421242286384,
        0.6687545606053782,
        0.6659060402684565,
        0.6884370073420115,
        0.6793434980406288,
        0.6784669609477051,
        0.6852412053511103,
        0.6704184496193865,
        0.6903105715958741,
        0.6852553939011756,
        0.6809305887122201,
        0.6846982117922616,
        0.6819429304986262,
        0.6841299941444079,
        0.680835773163371,
        0.6933095356065042,
        0.6885791180577451,
        0.6861206702400793,
        0.6913544434935364,
        0.6794333588577092,
        0.6884649340119815,
        0.6885469123012478,
        0.6797380748614927,
        0.6887768568983379,
        0.6875537137966757,
        0.68033624611504,
        0.6875766857348768,
        0.6865830368001442,
        0.6858871222017027,
        0.6869086978064052,
        0.6869890995901085,
        0.6782334129093284
    ],
    "best_accuracy": 0.6422818791946309,
    "best_epoch": 10
}