{
    "model_name": "simple_cnn",
    "train_losses": [
        0.6871233261259712,
        0.6586384210039117,
        0.646947891055988,
        0.6355329395245688,
        0.6213913142104198,
        0.6028451243336754,
        0.588434303196091,
        0.5681331719239705,
        0.5490247722342284,
        0.5289943374634645,
        0.5074417326207543,
        0.49881756956225476,
        0.49668837296970947,
        0.45286352529539287,
        0.43368819331718955,
        0.4157749553502409,
        0.4001398074648806,
        0.3900268590317495,
        0.3679878491845522,
        0.3564602826737936,
        0.34196719394577046,
        0.3919034608986327,
        0.3325016625277455,
        0.3095807433869036,
        0.3008010071206935,
        0.2918667795306446,
        0.28681326442321936,
        0.27582957739723923,
        0.27042859968521793,
        0.26315090698269106
    ],
    "val_losses": [
        0.6509601283073425,
        0.6554512920379638,
        0.6559521441459656,
        0.6261405994892121,
        0.6224422887563705,
        0.5986253478527069,
        0.5955054395198822,
        0.6104018703699112,
        0.5808938027620315,
        0.5750520895719529,
        0.5698885552883148,
        0.572959521651268,
        0.5676277821063995,
        0.6499462784528732,
        0.6002690132856369,
        0.6277881802320481,
        0.6565731466412544,
        0.6636966334581376,
        0.6672984212636948,
        0.6507013185024262,
        0.8410651758909226,
        0.687294185578823,
        0.7362244797348976,
        0.7218851676285267,
        0.7542819072306156,
        0.7993924885392188,
        0.8058095761835575,
        0.8750504866540432,
        0.7940110855102539,
        0.8578253951370716
    ],
    "train_accuracy": [
        0.5570111393883767,
        0.6043222495723644,
        0.6177979890692143,
        0.6311068463431933,
        0.6392840752638825,
        0.6591430597855563,
        0.6665275981476073,
        0.6933956360298719,
        0.7068296549710043,
        0.7227669072552046,
        0.7364929700863615,
        0.7450874045642288,
        0.7492177395802913,
        0.7785472902499061,
        0.7891443114022278,
        0.7985314364387334,
        0.8081688848095456,
        0.8171805248445909,
        0.8244399015394885,
        0.8330343360173558,
        0.8411698443823272,
        0.8128833076056573,
        0.84605114940131,
        0.8586090366723684,
        0.8603195794567984,
        0.8650757228086278,
        0.8697484250490216,
        0.8737953189536485,
        0.8773832867453795,
        0.8825149150986691
    ],
    "val_accuracy": [
        0.6235,
        0.635,
        0.6115,
        0.6445,
        0.65325,
        0.668,
        0.67375,
        0.66475,
        0.6895,
        0.70525,
        0.702,
        0.7025,
        0.71375,
        0.70225,
        0.723,
        0.721,
        0.714,
        0.71625,
        0.731,
        0.7365,
        0.67725,
        0.74,
        0.74,
        0.746,
        0.73475,
        0.747,
        0.73375,
        0.72675,
        0.74425,
        0.74975
    ],
    "val_f1": [
        0.6614208633093526,
        0.6615669911914697,
        0.6673801369863014,
        0.6754906435417618,
        0.6886644219977553,
        0.6538060479666319,
        0.6854663774403471,
        0.673801994648504,
        0.7048479087452472,
        0.7005334010668022,
        0.7108199902959729,
        0.695496417604913,
        0.7008100339691664,
        0.720356891289035,
        0.7220270948319117,
        0.7135523613963038,
        0.7436127297176154,
        0.7368421052631579,
        0.7315369261477046,
        0.7368946580129805,
        0.7383991894630193,
        0.7396094141211818,
        0.7402597402597403,
        0.741869918699187,
        0.7406502077731606,
        0.7487586891757696,
        0.7526132404181185,
        0.7502855837331506,
        0.7529582226515334,
        0.7463896630352166
    ],
    "val_auc": [
        0.67112875,
        0.685817125,
        0.675409125,
        0.708796,
        0.7256039999999999,
        0.740675,
        0.7433165,
        0.738265,
        0.76737475,
        0.7760725,
        0.77962825,
        0.77995325,
        0.7910515,
        0.78390625,
        0.7972922499999999,
        0.8021177500000001,
        0.8024917500000002,
        0.802699625,
        0.808915125,
        0.8106727499999999,
        0.800137125,
        0.815326,
        0.8178041250000001,
        0.822220125,
        0.812651625,
        0.81927175,
        0.819322125,
        0.816902375,
        0.817189875,
        0.825068875
    ],
    "EPOCHS": 30,
    "best_accuracy": 0.74975,
    "best_epoch": 30,
    "MODEL_SAVED_PATH": "../model_checkpoints/best_simple_cnn.pth"
}