{
    "model_name": "simpleCNN",
    "train_losses": [
        0.7007595527017414,
        0.6943338890861294,
        0.693216727146881,
        0.6933237725481123,
        0.6930830889850491,
        0.6931384872040396,
        0.6878513905704531,
        0.6768319976061733,
        0.6673702059761346,
        0.66509578410424,
        0.6607688774806526,
        0.6582874803286658,
        0.6525347799148521,
        0.6489400023602192,
        0.6461759288188955,
        0.6436777584911552,
        0.6390956563030288,
        0.6358732544111069,
        0.6349685305296738,
        0.6330938097646714,
        0.6283790756325791,
        0.6254478287296971,
        0.6250081660091237,
        0.6223570866247377,
        0.6191335080676484,
        0.6183034435938504,
        0.6153806938964517,
        0.6145310883175084,
        0.6084622060510552,
        0.6112588748296672,
        0.6072626854243508,
        0.6101259205615776,
        0.6039580531346674,
        0.6026530389597968,
        0.6052297716087233,
        0.6025183916320699
    ],
    "val_losses": [
        0.6936092505455017,
        0.6931460318565369,
        0.6933788337707519,
        0.6930762491226197,
        0.6930417022705078,
        0.6918713431358338,
        0.6708831512928009,
        0.6556278672218323,
        0.6490865688323975,
        0.6397917098999023,
        0.634840104341507,
        0.6412963535785675,
        0.6379137744903565,
        0.6193773534297943,
        0.6148745474815369,
        0.6194042899608612,
        0.6132908265590667,
        0.6332864854335785,
        0.6136461896896362,
        0.6040027105808258,
        0.6041431045532226,
        0.6218683907985687,
        0.6184425790309906,
        0.6122480856180191,
        0.6058935270309448,
        0.5998247697353363,
        0.6104701163768769,
        0.6045444110631942,
        0.6085699564218521,
        0.6463373025655746,
        0.615355239033699,
        0.6229425860643387,
        0.6172946628332138,
        0.6014632149934769,
        0.6059901682138443,
        0.6403998960256576
    ],
    "train_accuracy": [
        0.5064875464141182,
        0.5035671075138721,
        0.4982268763819934,
        0.506737869748425,
        0.506737869748425,
        0.5032333430681296,
        0.5417831365513789,
        0.5730318327840127,
        0.5935583461971713,
        0.5913471567441279,
        0.5998164295548417,
        0.6037798823480329,
        0.6094121573699361,
        0.6114147440443907,
        0.6119988318244399,
        0.6155867996161709,
        0.6233885435353999,
        0.6259334974341858,
        0.6289373774458675,
        0.6274354374400267,
        0.6328173891276232,
        0.6362801952522008,
        0.6333597563519546,
        0.637281488589428,
        0.6430806458342025,
        0.6423713963869999,
        0.6462096875130376,
        0.6468354958488047,
        0.6554716508823898,
        0.648671200300388,
        0.653093579206475,
        0.6518002419792231,
        0.6509241103091493,
        0.6581417664483291,
        0.6542200342108557,
        0.6550544453252117
    ],
    "val_accuracy": [
        0.5005,
        0.501,
        0.5,
        0.50125,
        0.50575,
        0.5355,
        0.5915,
        0.63175,
        0.637,
        0.631,
        0.648,
        0.63925,
        0.642,
        0.664,
        0.66675,
        0.66825,
        0.66575,
        0.632,
        0.66225,
        0.66875,
        0.66525,
        0.65825,
        0.6575,
        0.66175,
        0.661,
        0.67475,
        0.6705,
        0.669,
        0.6695,
        0.65175,
        0.675,
        0.6785,
        0.67525,
        0.68475,
        0.6675,
        0.66975
    ],
    "val_f1": [
        0.6631827376938638,
        0.6369588941433248,
        0.0,
        0.6631774438629073,
        0.6626855485412045,
        0.5269857433808554,
        0.5291066282420749,
        0.6583159359777314,
        0.5801041064198958,
        0.5909090909090909,
        0.6542239685658153,
        0.696785038873713,
        0.6809269162210339,
        0.6712328767123288,
        0.6563547306006703,
        0.6625985252987542,
        0.6562098225764978,
        0.5341772151898734,
        0.67008547008547,
        0.6658259773013872,
        0.6549858283947436,
        0.6093169476993426,
        0.610574189880614,
        0.61198738170347,
        0.6195286195286195,
        0.6790032075006168,
        0.6571279916753382,
        0.6316082359488036,
        0.6257078142695357,
        0.6868959316700383,
        0.6941176470588235,
        0.6796213253612357,
        0.661277705345502,
        0.668245198631939,
        0.6189111747851003,
        0.6809949287611688
    ],
    "val_auc": [
        0.50780075,
        0.50540075,
        0.507330625,
        0.524006875,
        0.521044125,
        0.5490875,
        0.65028475,
        0.67855775,
        0.6959387499999999,
        0.69776275,
        0.7046518749999999,
        0.707957875,
        0.700066625,
        0.7232795000000001,
        0.725558,
        0.71969175,
        0.7233295,
        0.7266115000000001,
        0.7329676250000001,
        0.740637,
        0.7320953750000001,
        0.7362015,
        0.73518375,
        0.7365600000000001,
        0.7401605,
        0.740445,
        0.7359665,
        0.7465350000000002,
        0.74255,
        0.7179278750000001,
        0.7420145,
        0.7437942500000001,
        0.746402,
        0.75563,
        0.7510412499999999,
        0.732116
    ],
    "EPOCHS": 30,
    "best_accuracy": 0.68475,
    "best_epoch": 28,
    "MODEL_SAVED_PATH": "../model_checkpoints/best_simpleCNN_aug.pth"
}