{
    "model_name": "simpleCNN",
    "train_losses": [
        0.69731745070274,
        0.6935972157007683,
        0.6908252393411324,
        0.6837742052118433,
        0.6724071457402031,
        0.6678323992983988,
        0.6612262128067781,
        0.6638660619751156,
        0.6568115360124412,
        0.653497403362993,
        0.6511463241213289,
        0.6446372890876259,
        0.6382667213818861,
        0.6323312242503378,
        0.6313234496571214,
        0.6289194007257859,
        0.620479655795968,
        0.6180571199602366,
        0.6177638136946149,
        0.6102788198565685,
        0.6128624920935748,
        0.605957342358444,
        0.6028799891889635,
        0.6002904881851719,
        0.599503039110139,
        0.594028229485953,
        0.5908158271158859,
        0.5893787396757185,
        0.5865263333134212,
        0.5828964913725441,
        0.5854897244069398,
        0.5821189132217044,
        0.5784708423873919,
        0.5813064238863875,
        0.5760727839255254,
        0.5687500703152779,
        0.5727258686493353,
        0.5685434167271904,
        0.567078829993779,
        0.5669637146681787,
        0.5664235545853296,
        0.5662205895040096,
        0.5619262616539061,
        0.5596087437609994,
        0.5609165352880594,
        0.5580990918960135,
        0.5666949657406326,
        0.5521435377853346,
        0.5472453396394833,
        0.5486223342257629,
        0.5536430890322717
    ],
    "val_losses": [
        0.6935296645164489,
        0.6906404180526733,
        0.6807114274501801,
        0.6615711841583252,
        0.6510650022029877,
        0.6540872423648835,
        0.6402957978248596,
        0.6386141531467437,
        0.6329129431247711,
        0.6291892732381821,
        0.628364545583725,
        0.6147857403755188,
        0.6178814828395843,
        0.6153573849201203,
        0.6098464418649674,
        0.6109413847923278,
        0.6096266157627106,
        0.6015972974300384,
        0.6046983693838119,
        0.5932083680629731,
        0.6216832385063171,
        0.6076249064207077,
        0.5977578365802765,
        0.591451305270195,
        0.5877164031267166,
        0.5790116299390793,
        0.5816029396057129,
        0.58833802485466,
        0.5750468883514405,
        0.6007657482028007,
        0.5828564432859421,
        0.587976325750351,
        0.5751570851802826,
        0.5714292029142379,
        0.5912575075030326,
        0.5881928998827934,
        0.5720072146654129,
        0.6032477336525917,
        0.6094891147613526,
        0.6014045071005821,
        0.5897003500461578,
        0.6021201092600822,
        0.5793221372961997,
        0.5870519745349884,
        0.570591366648674,
        0.597873217344284,
        0.5890527048110962,
        0.5878873323202133,
        0.5817487360239029,
        0.6046099723577499,
        0.5818349593877792
    ],
    "train_accuracy": [
        0.5002711836121657,
        0.506320664191247,
        0.5257624431557428,
        0.5534648921523635,
        0.5842129417163837,
        0.5886353206224707,
        0.5949768450915767,
        0.5918895239684593,
        0.6006508406691977,
        0.6098293629271142,
        0.6089115107013225,
        0.6158788435061955,
        0.6200926196336936,
        0.6288122157787142,
        0.630105553005966,
        0.6338186824648504,
        0.6414118236054904,
        0.6421627936084109,
        0.64066085360257,
        0.6513413158663274,
        0.6516750803120698,
        0.6568484292210772,
        0.6601026325670658,
        0.6650256581417664,
        0.6616462931286244,
        0.671659226500897,
        0.6665693187033251,
        0.6747882681797321,
        0.6738704159539405,
        0.6787100004172055,
        0.6744545037339897,
        0.6804622637573533,
        0.6803371020901998,
        0.6799198965330219,
        0.6843422754391089,
        0.6893070215695273,
        0.6861362593349744,
        0.6891401393466561,
        0.6949810171471484,
        0.6928532688055405,
        0.6951061788143018,
        0.6937294004756144,
        0.6977762943802411,
        0.6972756477116275,
        0.697818014935959,
        0.7007384538362051,
        0.695064458258584,
        0.7068296549710043,
        0.7072051399724645,
        0.7099586966498393,
        0.7090825649797655
    ],
    "val_accuracy": [
        0.50075,
        0.527,
        0.54775,
        0.59975,
        0.62125,
        0.59875,
        0.6325,
        0.6325,
        0.639,
        0.6305,
        0.65075,
        0.6545,
        0.66,
        0.658,
        0.6505,
        0.659,
        0.66375,
        0.6645,
        0.6695,
        0.6785,
        0.66625,
        0.671,
        0.67725,
        0.67675,
        0.6735,
        0.679,
        0.682,
        0.67675,
        0.6815,
        0.682,
        0.69425,
        0.68425,
        0.68675,
        0.68925,
        0.69,
        0.68425,
        0.7005,
        0.706,
        0.68775,
        0.68625,
        0.68375,
        0.68375,
        0.6975,
        0.69825,
        0.69525,
        0.69575,
        0.69425,
        0.6965,
        0.69775,
        0.698,
        0.70075
    ],
    "val_f1": [
        0.6661093462631666,
        0.6577424023154848,
        0.3201803833145434,
        0.5347282766637605,
        0.6157747907684504,
        0.4633901705115346,
        0.5974808324205915,
        0.58,
        0.617989417989418,
        0.5791571753986332,
        0.6634545892556011,
        0.6454592098512058,
        0.6046511627906976,
        0.648870636550308,
        0.6372599896211728,
        0.6783018867924528,
        0.6285556476111571,
        0.6376889848812095,
        0.663098878695209,
        0.6675284384694933,
        0.6106736657917761,
        0.6106508875739645,
        0.6011739264751313,
        0.6500676589986468,
        0.6741516966067864,
        0.6724489795918367,
        0.6673640167364017,
        0.6092475067996374,
        0.6857424765663542,
        0.7060998151571165,
        0.6953922789539227,
        0.6979191580961492,
        0.6719036396962556,
        0.6538568643831801,
        0.7085096379877762,
        0.680334092634776,
        0.7087992221682061,
        0.6447129909365559,
        0.7042386928723656,
        0.7036599763872491,
        0.6889599213179247,
        0.6891128041287786,
        0.7053093034583536,
        0.6992275105905806,
        0.6944096264728002,
        0.657472558401351,
        0.6946317103620474,
        0.6980099502487562,
        0.6873545384018619,
        0.6932453021838497,
        0.6926829268292682
    ],
    "val_auc": [
        0.5237803750000001,
        0.6033824999999999,
        0.64164375,
        0.66897125,
        0.6809937500000001,
        0.685995125,
        0.69367675,
        0.69814025,
        0.70008,
        0.7021759999999999,
        0.708061,
        0.7170529999999999,
        0.725467375,
        0.717610375,
        0.726116,
        0.7246138750000001,
        0.7353335000000001,
        0.73630875,
        0.7356125000000001,
        0.7476539999999998,
        0.7423267499999999,
        0.74739975,
        0.76136875,
        0.7488480000000001,
        0.7539325,
        0.7568781250000001,
        0.75821275,
        0.76494125,
        0.76391425,
        0.7588879999999999,
        0.767228,
        0.759582,
        0.764909,
        0.768086375,
        0.77531375,
        0.7623837499999999,
        0.774306,
        0.7830777500000001,
        0.76567325,
        0.765938,
        0.7668487499999999,
        0.759520125,
        0.7768632500000001,
        0.7705705,
        0.7820285,
        0.7736915000000001,
        0.77928,
        0.7740748749999999,
        0.782739125,
        0.7781250000000001,
        0.7772296249999999
    ],
    "EPOCHS": 30,
    "best_accuracy": 0.706,
    "best_epoch": 17,
    "MODEL_SAVED_PATH": "../model_checkpoints/best_simple_cnn_aug.pth"
}